mapid,hash,type,name,area,levels
1010101,0x65C60E29,levelinfo,levelinfo,,1101005;1201005;1301005
1010101,0x21DD1A03,line,1_0203001,1,1101005
1010101,0x3016099C,line,1_0203201,1,1301005
1010101,0x3E2C490D,line,1_0203101,1,1201005
1010101,0x61F80EDB,line,2_0001101,2,1201005
1010101,0x69681BE9,line,3_0100201,3,1301005
1010101,0x93167C23,line,2_0001001,2,1101005
1010101,0xBDF05ABE,line,2_0001201,2,1301005
1010101,0xBEC4156A,line,3_0100101,3,1201005
1010101,0xED522F24,line,3_0100001,3,1101005
1010101,0xA298F892,mapinfo,mapinfo,,
1010103,0x65C60E29,levelinfo,levelinfo,,1101006;1101008;1101010
1010103,0x21DD1A03,line,1_0203001,1,1101006;1101008
1010103,0x538BD72B,line,1_0000001,1,1101010
1010103,0x93167C23,line,2_0001001,2,1101006;1101008
1010103,0xCF672C3A,line,3_0100002,3,1101006;1101008
1010103,0xED522F24,line,3_0100001,3,1101006;1101008
1010103,0xA298F892,mapinfo,mapinfo,,
1010104,0x65C60E29,levelinfo,levelinfo,,1101009
1010104,0x21DD1A03,line,1_0203001,1,
1010104,0x538BD72B,line,1_0000001,1,1101009
1010104,0x93167C23,line,2_0001001,2,
1010104,0xCF672C3A,line,3_0100002,3,
1010104,0xED522F24,line,3_0100001,3,
1010104,0xA298F892,mapinfo,mapinfo,,
1020101,0x65C60E29,levelinfo,levelinfo,,1101007;1403003;1403004;7101007
1020101,0x0ACC4B22,line,1_0000006,1,
1020101,0x1FFD9496,line,1_0000004,1,1403003;1403004;7101007
1020101,0x49E9FFCD,line,1_0000003,1,1403003;1403004;7101007
1020101,0x538BD72B,line,1_0000001,1,1101007;1403003;1403004;7101007
1020101,0x6BE4D318,line,1_0000005,1,7101007
1020101,0xA8AA9FEE,line,1_0000007,1,
1020101,0xA298F892,mapinfo,mapinfo,,
1020201,0x65C60E29,levelinfo,levelinfo,,1202001;1202002
1020201,0x49E9FFCD,line,1_0000003,1,
1020201,0x538BD72B,line,1_0000001,1,1202001;1202002
1020201,0xFF2087CE,line,1_0000002,1,1202001;1202002
1020201,0xA298F892,mapinfo,mapinfo,,
1020202,0x65C60E29,levelinfo,levelinfo,,1202003
1020202,0x538BD72B,line,1_0000001,1,1202003
1020202,0xA298F892,mapinfo,mapinfo,,
1030102,0x65C60E29,levelinfo,levelinfo,,1301002
1030102,0x538BD72B,line,1_0000001,1,1301002
1030102,0xA298F892,mapinfo,mapinfo,,
1030103,0x65C60E29,levelinfo,levelinfo,,1301003
1030103,0x538BD72B,line,1_0000001,1,1301003
1030103,0xA298F892,mapinfo,mapinfo,,
1030104,0x65C60E29,levelinfo,levelinfo,,1301004
1030104,0x538BD72B,line,1_0000001,1,1301004
1030104,0xA298F892,mapinfo,mapinfo,,
1040101,0x65C60E29,levelinfo,levelinfo,,1403001;1403002
1040101,0x538BD72B,line,1_0000001,1,1403001;1403002
1040101,0xFF2087CE,line,1_0000002,1,1403002
1040101,0xA298F892,mapinfo,mapinfo,,
1100133,0x65C60E29,levelinfo,levelinfo,,1101133
1100133,0x538BD72B,line,1_0000001,1,1101133
1100133,0xA298F892,mapinfo,mapinfo,,
1110101,0x65C60E29,levelinfo,levelinfo,,1101141;1101166;1101167;1101168;1101174;1101175
1110101,0x0060B244,line,3_0500001,3,1101168
1110101,0x08B63D21,line,1_0006001,1,1101175
1110101,0x095D6BF4,line,2_0005001,2,1101168
1110101,0x1081C10F,line,3_0401001,3,1101174
1110101,0x1BF8856B,line,9_0000201,9,
1110101,0x21720F02,line,1_0006002,1,1101175
1110101,0x25020E21,line,7_0600001,7,1101175
1110101,0x45FFCACC,line,2_0006003,2,1101166
1110101,0x57393115,line,7_0000001,7,1101141
1110101,0x68F36B60,line,4_0003001,4,1101174
1110101,0x747C9E7A,line,2_0005004,2,1101168
1110101,0x7BC735AC,line,2_0005003,2,1101168
1110101,0x7E8C8413,line,4_0003002,4,1101174
1110101,0x87EB5550,line,9_0000101,9,
1110101,0x8B844E15,line,2_0006001,2,1101166
1110101,0xBE696B47,line,5_0203001,5,1101168
1110101,0xC89E92A5,line,8_0600001,8,1101166
1110101,0xD0850D28,line,6_0208001,6,1101166
1110101,0xD5B2B350,line,6_0107001,6,1101175
1110101,0xD7AF9BBF,line,2_0006004,2,1101166
1110101,0xDE311CC7,line,1_0300001,1,1101174
1110101,0xE7F5288C,line,2_0006002,2,1101166
1110101,0xF7A4CB74,line,2_0005002,2,1101168
1110101,0xF7F1FE28,line,9_0000001,9,1101167
1110101,0xA298F892,mapinfo,mapinfo,,
1110103,0x65C60E29,levelinfo,levelinfo,,1101142;1101176;1101177;1101178;1101179;1101180;1101181;1101182;1101183;1101184;1101185;1101186
1110103,0x0026675D,line,9_0800002,9,
1110103,0x0060B244,line,3_0500001,3,1101178
1110103,0x025B22F4,line,3_0410001,3,1101179
1110103,0x08B63D21,line,1_0006001,1,1101180
1110103,0x095D6BF4,line,2_0005001,2,1101178
1110103,0x0A2D18F9,line,3_1000001,3,1101183
1110103,0x0D1B6EFF,line,3_0001001,3,
1110103,0x1081C10F,line,3_0401001,3,
1110103,0x1142E429,line,8_0009001,8,
1110103,0x12DCA59F,line,10_0301001,10,1101186
1110103,0x18FAE670,line,1_0003001,1,
1110103,0x21720F02,line,1_0006002,1,1101180
1110103,0x25020E21,line,7_0600001,7,1101180
1110103,0x2737423E,line,11_0009002,11,1101177;1101185
1110103,0x27EFC4FD,line,8_0507001,8,1101181
1110103,0x2B7D2BD8,line,6_0002001,6,1101184
1110103,0x2D3BDFC6,line,1_1000001,1,1101186
1110103,0x38EE917D,line,,10,
1110103,0x4045B9CE,line,9_1100002,9,1101177;1101185
1110103,0x45FFCACC,line,2_0006003,2,1101176
1110103,0x4A321F5F,line,2_0003001,2,1101182
1110103,0x4A5F789C,line,2_0601001,2,1101184
1110103,0x57393115,line,7_0000001,7,1101142
1110103,0x61BEF369,line,1_0200001,1,1101184
1110103,0x68F36B60,line,4_0003001,4,1101179
1110103,0x6D0B1E65,line,5_0008001,5,1101181
1110103,0x6D70A0A3,line,10_0300001,10,1101179
1110103,0x747C9E7A,line,2_0005004,2,1101178
1110103,0x791F12C0,line,9_1100001,9,1101177;1101185
1110103,0x7BC735AC,line,2_0005003,2,1101178
1110103,0x7E8C8413,line,4_0003002,4,1101179
1110103,0x87CE192A,line,7_0800001,7,1101181
1110103,0x8B844E15,line,2_0006001,2,1101176
1110103,0x9474F4DB,line,1_1000002,1,
1110103,0x985CA005,line,10_0103001,10,1101183
1110103,0xA4A8B84D,line,8_0009002,8,
1110103,0xAB04295C,line,5_0300001,5,1101182
1110103,0xB31F736F,line,11_0009001,11,1101177;1101185
1110103,0xBCA34DE4,line,3_0010001,3,1101186
1110103,0xBE696B47,line,5_0203001,5,1101178
1110103,0xC89E92A5,line,8_0600001,8,1101176
1110103,0xD0850D28,line,6_0208001,6,1101176
1110103,0xD5528D8C,line,9_0800001,9,
1110103,0xD56E8407,line,1_0010001,1,1101183
1110103,0xD5B2B350,line,6_0107001,6,1101180
1110103,0xD7AF9BBF,line,2_0006004,2,1101176
1110103,0xD7B8BDB0,line,9_0000002,9,
1110103,0xDE311CC7,line,1_0300001,1,
1110103,0xE7F5288C,line,2_0006002,2,1101176
1110103,0xED522F24,line,3_0100001,3,
1110103,0xEE0543A1,line,3_0205001,3,1101182
1110103,0xF2D81CD1,line,,10,
1110103,0xF590BD0F,line,1_0300002,1,
1110103,0xF7A4CB74,line,2_0005002,2,1101178
1110103,0xF7F1FE28,line,9_0000001,9,
1110103,0xA298F892,mapinfo,mapinfo,,
1110203,0x65C60E29,levelinfo,levelinfo,,1102133;1102134;1102135;1102136;1102137;1102138;1102139;1102140
1110203,0x0867FA83,line,9_0600001,9,1102137
1110203,0x08E3F368,line,3_0007001,3,1102139
1110203,0x095D6BF4,line,2_0005001,2,1102137
1110203,0x1142E429,line,8_0009001,8,1102135
1110203,0x25020E21,line,7_0600001,7,1102134
1110203,0x34E835EE,line,9_0810001,9,1102135
1110203,0x4133B362,line,5_0604001,5,1102140
1110203,0x433E42B2,line,7_0306001,7,1102139
1110203,0x50C28CE0,line,3_0200001,3,1102133
1110203,0x6712063D,line,4_0005001,4,1102134
1110203,0x681D8693,line,6_0509001,6,1102137
1110203,0x692E2561,line,4_0501001,4,1102140
1110203,0x7B1B39DC,line,1_0002001,1,1102133
1110203,0x7D9A16F7,line,10_0009001,10,1102138
1110203,0x87C6118B,line,6_0702001,6,1102139
1110203,0x89D77E42,line,2_0103001,2,1102133
1110203,0x90A52C29,line,6_0500001,6,1102138
1110203,0x9117FACD,line,5_0406001,5,1102134
1110203,0x92612277,line,2_0600001,2,1102139
1110203,0x9CA97D2D,line,5_0206001,5,1102137
1110203,0xA0F7FC05,line,4_0108001,4,1102136
1110203,0xA4EB7575,line,10_0900001,10,1102135
1110203,0xB32A58D5,line,5_0906001,5,1102138
1110203,0xB5BB6B72,line,6_0507001,6,1102134
1110203,0xB8216B7C,line,1_0400001,1,1102140
1110203,0xC509F80E,line,9_1005001,9,1102138
1110203,0xD731625B,line,6_0005001,6,1102140
1110203,0xE4204422,line,1_0004001,1,1102136
1110203,0xE9F4C279,line,8_0400001,8,1102136
1110203,0xA298F892,mapinfo,mapinfo,,
1110301,0x65C60E29,levelinfo,levelinfo,,1103145;1103146;1103147;1103148;1103149;1103150;1103152
1110301,0x095D6BF4,line,2_0005001,2,1103146
1110301,0x09740987,line,1_0004002,1,1103145
1110301,0x0BDCBE65,line,8_0004001,8,1103150
1110301,0x1075C396,line,5_0400001,5,1103150
1110301,0x2177D524,line,4_0106001,4,1103145
1110301,0x2211F964,line,4_0100101,4,
1110301,0x22CD69A1,line,4_0805001,4,1103150
1110301,0x3AE76F9E,line,1_0004201,1,
1110301,0x3C55011D,line,4_0106002,4,1103145
1110301,0x444DE552,line,8_0004002,8,1103150
1110301,0x47426566,line,3_0005001,3,1103147;1103148
1110301,0x50C28CE0,line,3_0200001,3,1103149
1110301,0x540B4E79,line,1_0004101,1,
1110301,0x5F274DBD,line,8_0400002,8,1103152
1110301,0x6D88CBAA,line,3_0200002,3,1103149
1110301,0x6DB6B7F0,line,4_0805002,4,1103150
1110301,0x71A05ADF,line,5_0400002,5,1103150
1110301,0x7B1B39DC,line,1_0002001,1,1103149
1110301,0x89D77E42,line,2_0103001,2,1103149
1110301,0x90A52C29,line,6_0500001,6,1103146;1103147
1110301,0x9CA97D2D,line,5_0206001,5,1103146
1110301,0xAE3CA11B,line,4_0100201,4,
1110301,0xB50FA8E9,line,4_0008001,4,1103152
1110301,0xB87AE288,line,7_0500001,7,1103148
1110301,0xC089E647,line,5_0307001,5,1103148
1110301,0xC176E003,line,5_0306001,5,1103147
1110301,0xD3DB8632,line,6_0400001,6,1103145
1110301,0xE4204422,line,1_0004001,1,1103145
1110301,0xE974547F,line,4_0100001,4,
1110301,0xE9F4C279,line,8_0400001,8,1103152
1110301,0xECA4A09D,line,4_0008002,4,1103152
1110301,0xF7A4CB74,line,2_0005002,2,1103146
1110301,0xA298F892,mapinfo,mapinfo,,
1110302,0x65C60E29,levelinfo,levelinfo,,1101702;1103701;1103702;1103777;1103801;1103802
1110302,0x0211ECA8,line,7_0000101,7,1103702
1110302,0x221357AE,line,7_0000999,7,1103777
1110302,0x57393115,line,7_0000001,7,1101702;1103701;1103801
1110302,0x928ED6BF,line,7_0000201,7,1103802
1110302,0xAD7B1BBE,line,7_0000002,7,1101702;1103701;1103801
1110302,0xE85B8685,line,7_0000003,7,1101702
1110302,0xA298F892,mapinfo,mapinfo,,
1110303,0x65C60E29,levelinfo,levelinfo,,1103154;1103155;1103156;1103157;1103158;1103159;1103160;7103154;7103155;7103157;7103158;7103159;7103160
1110303,0x095D6BF4,line,2_0005001,2,1103155;7103155
1110303,0x09740987,line,1_0004002,1,1103154;7103154
1110303,0x0BDCBE65,line,8_0004001,8,1103159;7103159
1110303,0x1075C396,line,5_0400001,5,1103159;7103159
1110303,0x18D3E8F5,line,4_0106003,4,7103154
1110303,0x20F1E953,line,5_0307002,5,7103157
1110303,0x2177D524,line,4_0106001,4,1103154;7103154
1110303,0x22CD69A1,line,4_0805001,4,1103159;7103159
1110303,0x26EE2B69,line,4_0008003,4,7103160
1110303,0x3C55011D,line,4_0106002,4,1103154;7103154
1110303,0x427B04FF,line,4_0805003,4,7103159
1110303,0x444DE552,line,8_0004002,8,1103159;7103159
1110303,0x461B8E76,line,7_0500002,7,7103157
1110303,0x47085398,line,3_0200003,3,7103158
1110303,0x47426566,line,3_0005001,3,1103156;1103157;7103157
1110303,0x50C28CE0,line,3_0200001,3,1103158;7103158
1110303,0x5F274DBD,line,8_0400002,8,1103160;7103160
1110303,0x62495E87,line,5_0206002,5,7103155
1110303,0x6A3EF58D,line,8_0400003,8,7103160
1110303,0x6D88CBAA,line,3_0200002,3,1103158;7103158
1110303,0x6DB6B7F0,line,4_0805002,4,1103159;7103159
1110303,0x6EEFC332,line,2_0103002,2,7103158
1110303,0x71A05ADF,line,5_0400002,5,1103159;7103159
1110303,0x7B1B39DC,line,1_0002001,1,1103158;7103158
1110303,0x7BC735AC,line,2_0005003,2,7103155
1110303,0x811E9F82,line,6_0400002,6,7103154
1110303,0x89D77E42,line,2_0103001,2,1103158;7103158
1110303,0x90A52C29,line,6_0500001,6,1103155;1103156;7103155
1110303,0x92BA5CAB,line,3_0005002,3,7103157
1110303,0x9CA97D2D,line,5_0206001,5,1103155;7103155
1110303,0xA5E69E64,line,1_0002002,1,7103158
1110303,0xAC30DD1E,line,1_0004003,1,7103154
1110303,0xB50FA8E9,line,4_0008001,4,1103160;7103160
1110303,0xB87AE288,line,7_0500001,7,1103157;7103157
1110303,0xC089E647,line,5_0307001,5,1103157;7103157
1110303,0xC176E003,line,5_0306001,5,1103156
1110303,0xC5E94293,line,5_0400003,5,7103159
1110303,0xD3DB8632,line,6_0400001,6,1103154;7103154
1110303,0xD6D446FC,line,6_0500002,6,7103155
1110303,0xDAFD893A,line,8_0004003,8,7103159
1110303,0xE4204422,line,1_0004001,1,1103154;7103154
1110303,0xE9F4C279,line,8_0400001,8,1103160;7103160
1110303,0xECA4A09D,line,4_0008002,4,1103160;7103160
1110303,0xF7A4CB74,line,2_0005002,2,1103155;7103155
1110303,0xA298F892,mapinfo,mapinfo,,
1110305,0x65C60E29,levelinfo,levelinfo,,1103167;1103168;1103170;1103171;1103172;1103173;1103174;1103175;1103176
1110305,0x072EB3E0,line,5_0000001,5,
1110305,0x0847EE09,line,20_1921001,20,1103172
1110305,0x09ECD918,line,,19,
1110305,0x0A31ADE5,line,4_0000001,4,
1110305,0x11146336,line,19_0020001,19,1103172
1110305,0x1142E429,line,8_0009001,8,1103175
1110305,0x14029A9D,line,,21,
1110305,0x2394D178,line,6_0010001,6,1103174
1110305,0x25020E21,line,7_0600001,7,1103168
1110305,0x252D24C0,line,21_2022001,21,1103172
1110305,0x27C001F2,line,14_0015001,14,1103170
1110305,0x2C8B7357,line,5_0004001,5,1103173
1110305,0x2EB7E586,line,8_0000001,8,
1110305,0x2F04123F,line,2_1300001,2,1103176
1110305,0x3428725D,line,3_0000001,3,
1110305,0x3F68404D,line,28_2729001,28,1103167
1110305,0x416198A8,line,2_0300001,2,1103173
1110305,0x41C03583,line,25_2426001,25,1103171
1110305,0x4BF29C9F,line,,20,
1110305,0x4E138E4F,line,9_0830001,9,1103175
1110305,0x50C28CE0,line,3_0200001,3,
1110305,0x538BD72B,line,1_0000001,1,
1110305,0x5825E9FF,line,19_1813001,19,1103176
1110305,0x5D36F0C0,line,2_0000001,2,
1110305,0x5EDE8403,line,12_1100001,12,1103174
1110305,0x60DF6C17,line,17_1600001,17,1103170
1110305,0x6158BEFF,line,,15,
1110305,0x6CB4208E,line,30_0922001,30,1103175
1110305,0x7689BA2B,line,18_0019001,18,1103176
1110305,0x7B08E54E,line,,23,
1110305,0x7B1B39DC,line,1_0002001,1,
1110305,0x80D9F2FA,line,26_2500001,26,1103171
1110305,0x8341A7B0,line,22_2100001,22,1103172
1110305,0x8672AD71,line,6_1007001,6,1103168
1110305,0x89D77E42,line,2_0103001,2,
1110305,0x8D3AB335,line,11_0010001,11,1103168
1110305,0x9365A932,line,12_0000001,12,
1110305,0x9A5AFBA0,line,24_2325001,24,1103171
1110305,0xA310FD39,line,,30,
1110305,0xA40B9943,line,4_0503001,4,1103173
1110305,0xAD5F010A,line,3_0402001,3,1103173
1110305,0xB5C5066F,line,15_1416001,15,1103170
1110305,0xB5D579B4,line,23_0024001,23,1103171
1110305,0xB9FE8168,line,,24,
1110305,0xC1396A2E,line,10_1106001,10,1103168
1110305,0xC4C1471E,line,,13,
1110305,0xCAB7A504,line,,26,
1110305,0xCC9E2810,line,18_0000001,18,
1110305,0xD5E87EE1,line,27_0028001,27,1103167
1110305,0xD6AD0EE1,line,22_3000001,22,1103175
1110305,0xDA3B2EDB,line,16_1517001,16,1103170
1110305,0xE9D1F3C8,line,10_0611001,10,1103174
1110305,0xEF920E63,line,29_2800001,29,1103167
1110305,0xF07A96FF,line,11_1012001,11,1103174
1110305,0xF09655EB,line,,25,
1110305,0xF7F1FE28,line,9_0000001,9,
1110305,0xFAF953B4,line,13_1902001,13,1103176
1110305,0xFCF5CCBE,line,,22,
1110305,0xA298F892,mapinfo,mapinfo,,
1110306,0x65C60E29,levelinfo,levelinfo,,1103169
1110306,0x538BD72B,line,1_0000001,1,1103169
1110306,0xA298F892,mapinfo,mapinfo,,
1110401,0x65C60E29,levelinfo,levelinfo,,1104171;1104172;1104173;1104174;1104175
1110401,0x07FE4EC7,line,5_0900001,5,1104175
1110401,0x0D34CBB6,line,5_0100101,5,
1110401,0x0EFDC2A7,line,7_0001102,7,
1110401,0x139B2154,line,4_0009001,4,1104175
1110401,0x1EEDF5F2,line,8_0705001,8,1104173
1110401,0x210653CB,line,7_0001002,7,1104171;1204176;1304176
1110401,0x2B7D2BD8,line,6_0002001,6,1104174
1110401,0x2D9AC737,line,5_0100001,5,1104171;1204176;1304176
1110401,0x2F9655B3,line,9_0304001,9,1104172
1110401,0x379A1EAC,line,5_0100201,5,
1110401,0x3843D5D1,line,7_0008001,7,1104173
1110401,0x3FB28BF7,line,7_0001101,7,
1110401,0x51FA4344,line,1_0705002,1,1104171
1110401,0x74C9B4D0,line,1_0705001,1,1104171
1110401,0x786FB7A8,line,1_0705102,1,1204176
1110401,0x8B6A108E,line,7_0001201,7,
1110401,0x8FEB5110,line,4_0900001,4,1104172
1110401,0x95A9C688,line,4_0200001,4,1104174
1110401,0xA0F64F95,line,1_0705201,1,1304176
1110401,0xA167996A,line,7_0001202,7,
1110401,0xA5D08555,line,1_0705202,1,1304176
1110401,0xDF3A9BE4,line,9_0405001,9,1104175
1110401,0xE7C8B2BB,line,7_0001001,7,1104171;1204176;1304176
1110401,0xEE722D64,line,3_0009001,3,1104172
1110401,0xEFF3B3FB,line,1_0705101,1,1204176
1110401,0xF824A4EA,line,5_0800001,5,1104173
1110401,0xFFD0AACF,line,2_0604001,2,1104174
1110401,0xA298F892,mapinfo,mapinfo,,
1110501,0x65C60E29,levelinfo,levelinfo,,1103151;1105161;1105162;1105163;1105164;1105165
1110501,0x05156E2A,line,8_0705002,8,1105165
1110501,0x0A31ADE5,line,4_0000001,4,
1110501,0x1B49A569,line,3_0400001,3,1105161
1110501,0x1EEDF5F2,line,8_0705001,8,1105165
1110501,0x2D3D6487,line,4_0000002,4,
1110501,0x3428725D,line,3_0000001,3,1103151
1110501,0x35DEBA98,line,8_0609001,8,1105163
1110501,0x3843D5D1,line,7_0008001,7,1105165
1110501,0x50C28CE0,line,3_0200001,3,1105164
1110501,0x5B3B7D2D,line,5_0000002,5,
1110501,0x7B1B39DC,line,1_0002001,1,1105164
1110501,0x89D77E42,line,2_0103001,2,1105164
1110501,0x8F735141,line,9_0004001,9,1105161
1110501,0x97A80252,line,4_0900002,4,1105163
1110501,0x9E127979,line,8_0705201,8,
1110501,0x9E23F520,line,5_0800201,5,
1110501,0x9EB128DF,line,4_0903001,4,1105161
1110501,0xA8AB5548,line,5_0602001,5,1105162
1110501,0xABB85CDF,line,9_0804001,9,1105163
1110501,0xACB222CE,line,7_0008201,7,
1110501,0xC9212BC3,line,7_0008101,7,
1110501,0xD5546D2D,line,5_0800101,5,
1110501,0xD731625B,line,6_0005001,6,1105162
1110501,0xD7B8BDB0,line,9_0000002,9,
1110501,0xE2004AC8,line,6_0008001,6,1105163
1110501,0xE50D06BF,line,8_0705101,8,
1110501,0xE60FAA15,line,8_0000002,8,
1110501,0xEE623108,line,2_0500001,2,1105162
1110501,0xF824A4EA,line,5_0800001,5,1105165
1110501,0xA298F892,mapinfo,mapinfo,,
1110502,0x65C60E29,levelinfo,levelinfo,,1103161;1105101;1105102;1105103;1105104;1105105;1105106;1105108;1105405;7103161;7105101;7105102;7105103;7105104;7105105;7105106
1110502,0x05156E2A,line,8_0705002,8,1105105;7105105
1110502,0x1142E429,line,8_0009001,8,1105103
1110502,0x1B49A569,line,3_0400001,3,1105101;7105101
1110502,0x1EEDF5F2,line,8_0705001,8,1105105;7105105
1110502,0x2C25ADE2,line,8_0705401,8,1105405
1110502,0x3428725D,line,3_0000001,3,1103161;7103161
1110502,0x35DEBA98,line,8_0609001,8,
1110502,0x3843D5D1,line,7_0008001,7,1105105;7105105
1110502,0x38C1EB9F,line,8_0705003,8,7105105
1110502,0x40961E23,line,3_0204001,3,1105108
1110502,0x42E96D91,line,5_0802002,5,7105106
1110502,0x4A321F5F,line,2_0003001,2,1105108
1110502,0x5096D920,line,2_0500003,2,7105102
1110502,0x50C28CE0,line,3_0200001,3,1105104
1110502,0x573121F1,line,7_0008401,7,1105405
1110502,0x60C580BC,line,5_0800401,5,1105405
1110502,0x6560EEA1,line,5_0800002,5,7105105
1110502,0x6A8DCB97,line,8_0005001,8,1105106;7105106
1110502,0x6D88CBAA,line,3_0200002,3,7105104
1110502,0x6EEFC332,line,2_0103002,2,7105104
1110502,0x75B2C74A,line,4_0300001,4,1105108
1110502,0x765939A9,line,8_0605001,8,
1110502,0x77F14A1B,line,2_0500004,2,7105106
1110502,0x78D106CF,line,6_0005002,6,7105102
1110502,0x7B1B39DC,line,1_0002001,1,1105104
1110502,0x89694CD1,line,2_0500002,2,1105106;7105106
1110502,0x89D77E42,line,2_0103001,2,1105104
1110502,0x8C55949D,line,9_0004002,9,7105101
1110502,0x8F735141,line,9_0004001,9,1105101;7105101
1110502,0x9539490C,line,7_0008002,7,7105105
1110502,0x97A80252,line,4_0900002,4,1105103
1110502,0x98F4F793,line,3_0000002,3,7103161
1110502,0x9D40E77E,line,4_0900003,4,7105103
1110502,0x9EB128DF,line,4_0903001,4,1105101;7105101
1110502,0xA4A8B84D,line,8_0009002,8,7105103
1110502,0xA5E69E64,line,1_0002002,1,7105104
1110502,0xA735908F,line,5_0602002,5,7105102
1110502,0xA8AB5548,line,5_0602001,5,1105102
1110502,0xAAA398E0,line,5_0802001,5,1105106;7105106
1110502,0xABB85CDF,line,9_0804001,9,1105103
1110502,0xABED9C77,line,3_0400002,3,7105101
1110502,0xCBC88C61,line,8_0005002,8,7105106
1110502,0xD731625B,line,6_0005001,6,1105102;7105102
1110502,0xDDFD91B5,line,9_0804002,9,7105103
1110502,0xE2004AC8,line,6_0008001,6,
1110502,0xEE623108,line,2_0500001,2,1105102;1105106;7105106
1110502,0xF824A4EA,line,5_0800001,5,1105105;7105105
1110502,0xFBD683F9,line,4_0903002,4,7105101
1110502,0xA298F892,mapinfo,mapinfo,,
1110503,0x65C60E29,levelinfo,levelinfo,,1105109;1105110;1105111;1105112;1105113;1105114;1105115;1105116;1105117;1105118
1110503,0x05F3EECF,line,,25,
1110503,0x1075C396,line,5_0400001,5,1105113
1110503,0x22B76001,line,,23,
1110503,0x2A60D6B7,line,9_0010001,9,1105111
1110503,0x2DB2997C,line,25_0021001,25,1105118
1110503,0x2E552FF9,line,14_2100001,14,1105118
1110503,0x310425D1,line,11_1001001,11,1105111
1110503,0x3428725D,line,3_0000001,3,
1110503,0x3495CC7E,line,33_3200001,33,1105109
1110503,0x395A1C4E,line,22_1520001,22,1105116
1110503,0x502B1D6E,line,15_0022001,15,1105116
1110503,0x510C494B,line,18_0017001,18,1105117
1110503,0x54A85608,line,21_2514001,21,1105118
1110503,0x58A10C43,line,1_1100001,1,1105111
1110503,0x59993E62,line,5_1700001,5,1105117
1110503,0x5A9517A6,line,11_0014001,11,
1110503,0x5DA1A5D3,line,,21,
1110503,0x5EE44DB3,line,7_0806001,7,1105110
1110503,0x625E36D0,line,27_2600001,27,1105116
1110503,0x6365414A,line,12_0014001,12,1105114
1110503,0x64ED4316,line,20_2219001,20,1105116
1110503,0x6A77F03D,line,31_0030001,31,1105115
1110503,0x6AE1B12C,line,19_2026001,19,1105116
1110503,0x7BD848CC,line,6_0700001,6,1105110
1110503,0x7D0920FF,line,17_1805001,17,1105117
1110503,0x81BFD153,line,28_1829001,28,1105112
1110503,0x90F8517D,line,8_0207001,8,1105110
1110503,0x9C5BE4E5,line,32_2433001,32,1105109
1110503,0x9F66A1CE,line,,24,
1110503,0x9FEF7B5C,line,26_1927001,26,1105116
1110503,0xA42C69E0,line,4_0305001,4,1105113
1110503,0xA90B1F4A,line,14_1200001,14,1105114
1110503,0xB20478CD,line,,27,
1110503,0xB6376727,line,18_0028001,18,1105112
1110503,0xBDFE83BE,line,3_0004001,3,1105113
1110503,0xBEC932E2,line,25_3000001,25,1105115
1110503,0xC5D8ADF8,line,10_0911001,10,1105111
1110503,0xC6206362,line,24_0032001,24,1105109
1110503,0xCCB027F6,line,,12,
1110503,0xCD7D515A,line,30_3125001,30,1105115
1110503,0xDD2DB0DB,line,,10,
1110503,0xE20F033C,line,,31,
1110503,0xEF920E63,line,29_2800001,29,1105112
1110503,0xF09655EB,line,,25,
1110503,0xFA27F429,line,2_0008001,2,1105110
1110503,0xFB571552,line,,14,
1110503,0xFF2D1A69,line,,1,
1110503,0xA298F892,mapinfo,mapinfo,,
1110901,0x65C60E29,levelinfo,levelinfo,,1109101
1110901,0x538BD72B,line,1_0000001,1,1109101
1110901,0xFF2087CE,line,1_0000002,1,1109101
1110901,0xA298F892,mapinfo,mapinfo,,
1110902,0x65C60E29,levelinfo,levelinfo,,1109102;1109112
1110902,0x538BD72B,line,1_0000001,1,
1110902,0xAF28F8FD,line,2_0000002,2,
1110902,0xFF2087CE,line,1_0000002,1,1109112
1110902,0xA298F892,mapinfo,mapinfo,,
1110909,0x65C60E29,levelinfo,levelinfo,,1109109
1110909,0x538BD72B,line,1_0000001,1,1109109
1110909,0xA298F892,mapinfo,mapinfo,,
1120101,0x65C60E29,levelinfo,levelinfo,,1201101;1201102;1201103;1201104;1201105;1201106
1120101,0x45B04848,line,2_0400001,2,1201101
1120101,0x47426566,line,3_0005001,3,1201102
1120101,0x4C710C77,line,2_0000102,2,1201105
1120101,0x538BD72B,line,1_0000001,1,
1120101,0x5D36F0C0,line,2_0000001,2,1201104
1120101,0x77DC4AAD,line,5_0302001,5,1201102
1120101,0x79093141,line,5_0000101,5,1201106
1120101,0x9689DD23,line,4_0102001,4,1201101
1120101,0xC867C681,line,6_0000002,6,1201103
1120101,0xD394206E,line,6_0000001,6,1201103
1120101,0xE4204422,line,1_0004001,1,1201101
1120101,0xEE623108,line,2_0500001,2,1201102
1120101,0xA298F892,mapinfo,mapinfo,,
1120102,0x65C60E29,levelinfo,levelinfo,,1201112
1120102,0x49E9FFCD,line,1_0000003,1,
1120102,0x538BD72B,line,1_0000001,1,1201112
1120102,0xFF2087CE,line,1_0000002,1,1201112
1120102,0xA298F892,mapinfo,mapinfo,,
1120103,0x65C60E29,levelinfo,levelinfo,,1201213
1120103,0x538BD72B,line,1_0000001,1,1201213
1120103,0xA298F892,mapinfo,mapinfo,,
1120104,0x65C60E29,levelinfo,levelinfo,,1201114
1120104,0x538BD72B,line,1_0000001,1,1201114
1120104,0xA59CEB24,line,1_0000101,1,
1120104,0xA298F892,mapinfo,mapinfo,,
1120105,0x65C60E29,levelinfo,levelinfo,,1201118;1201202;7201202
1120105,0x49E9FFCD,line,1_0000003,1,7201202
1120105,0x538BD72B,line,1_0000001,1,1201118;1201202;7201202
1120105,0xFF2087CE,line,1_0000002,1,1201202;7201202
1120105,0xA298F892,mapinfo,mapinfo,,
1120107,0x65C60E29,levelinfo,levelinfo,,1201203;7201203
1120107,0x49E9FFCD,line,1_0000003,1,7201203
1120107,0x538BD72B,line,1_0000001,1,1201203;7201203
1120107,0xFF2087CE,line,1_0000002,1,1201203;7201203
1120107,0xA298F892,mapinfo,mapinfo,,
1120108,0x65C60E29,levelinfo,levelinfo,,1201703;1202703;7201703
1120108,0xAD5ABF2D,line,6_0000003,6,1202703
1120108,0xC867C681,line,6_0000002,6,7201703
1120108,0xD394206E,line,6_0000001,6,1201703;1202703;7201703
1120108,0xA298F892,mapinfo,mapinfo,,
1120110,0x65C60E29,levelinfo,levelinfo,,1201119;1201220;1201501;1202116;1202117;1202118;1202119;1202702;7201119;7202116;7202117;7202118;7202119
1120110,0x0244B579,line,6_0703002,6,7202117
1120110,0x08DFA755,line,3_0600001,3,1202117;7202117
1120110,0x09740987,line,1_0004002,1,7202116
1120110,0x1866C83E,line,10_0007001,10,1202119;7202119
1120110,0x255FEF82,line,3_0000003,3,1201119;1201220;7201119
1120110,0x324B5919,line,7_0906002,7,7202117
1120110,0x3428725D,line,3_0000001,3,1201119;1201220;1201501;7201119
1120110,0x4519DE52,line,3_0000004,3,1201220
1120110,0x45B04848,line,2_0400001,2,1202116;7202116
1120110,0x47426566,line,3_0005001,3,1202118;7202118
1120110,0x58686AD9,line,9_0007001,9,1202117;7202117
1120110,0x597D383B,line,3_0600002,3,7202117
1120110,0x5A369399,line,1_0800001,1,1202119;7202119
1120110,0x625D9356,line,8_0701001,8,1202119;7202119
1120110,0x6A885C20,line,7_1008001,7,1202119;7202119
1120110,0x77DC4AAD,line,5_0302001,5,1202118;7202118
1120110,0x85962C31,line,7_0906001,7,1202117;7202117
1120110,0x87444ED6,line,10_0007002,10,7202119
1120110,0x88D1AC9F,line,1_0800002,1,7202119
1120110,0x89694CD1,line,2_0500002,2,7202118
1120110,0x90039BC3,line,4_0102002,4,7202116
1120110,0x92BA5CAB,line,3_0005002,3,7202118
1120110,0x9338E26F,line,5_0302002,5,7202118
1120110,0x9689DD23,line,4_0102001,4,1202116;7202116
1120110,0x98F4F793,line,3_0000002,3,1201119;1201220;7201119
1120110,0xBCBE27BB,line,8_0701002,8,7202119
1120110,0xCCC2E55B,line,2_0400002,2,7202116
1120110,0xD394206E,line,6_0000001,6,1202702
1120110,0xD6ABA6E7,line,9_0007002,9,7202117
1120110,0xE4204422,line,1_0004001,1,1202116;7202116
1120110,0xEE623108,line,2_0500001,2,1202118;7202118
1120110,0xF5DF201D,line,6_0703001,6,1202117;7202117
1120110,0xFEA4717C,line,7_1008002,7,7202119
1120110,0xA298F892,mapinfo,mapinfo,,
1120232,0x65C60E29,levelinfo,levelinfo,,1202103;1202104;1202105;1202106;1202107
1120232,0x08B63D21,line,1_0006001,1,1202107
1120232,0x08DFA755,line,3_0600001,3,1202107
1120232,0x09F2784F,line,7_0203002,7,1202106
1120232,0x21720F02,line,1_0006002,1,1202107
1120232,0x2AE7BDDC,line,1_0900001,1,1202105
1120232,0x2CE0A476,line,7_0203001,7,1202106
1120232,0x3A06611B,line,2_0004001,2,1202103
1120232,0x46F7434E,line,2_0007001,2,1202106
1120232,0x471D611E,line,8_1102001,8,1202104
1120232,0x54979D32,line,1_0500001,1,1202103
1120232,0x5C428583,line,9_1001001,9,1202105
1120232,0x5FF45E91,line,5_0401001,5,1202103
1120232,0x64DF3D19,line,6_0103002,6,1202107
1120232,0x78E52C3F,line,2_0800001,2,1202104
1120232,0x8CC19067,line,2_0007002,2,1202106
1120232,0x8CCBCA26,line,3_0011001,3,1202104
1120232,0xA305AEF3,line,11_0308001,11,1202104
1120232,0xBA8BF705,line,2_0007003,2,1202106
1120232,0xBCA34DE4,line,3_0010001,3,1202105
1120232,0xBF675FF7,line,6_0301001,6,
1120232,0xDC01FFA7,line,3_0700001,3,1202106
1120232,0xDE03326C,line,4_0205001,4,1202103
1120232,0xEA8B0445,line,10_0309001,10,1202105
1120232,0xEF6BBCCE,line,6_0103001,6,1202107
1120232,0xFD7CD356,line,3_0700002,3,1202106
1120232,0xA298F892,mapinfo,mapinfo,,
1120233,0x65C60E29,levelinfo,levelinfo,,1202101;1202102
1120233,0x0D1B6EFF,line,3_0001001,3,1202101
1120233,0x328F19FB,line,1_0302001,1,1202101
1120233,0x45B04848,line,2_0400001,2,1202102
1120233,0xDC2C1A53,line,2_0100001,2,1202101
1120233,0xF523F6A3,line,4_0002001,4,1202102
1120233,0xA298F892,mapinfo,mapinfo,,
1120234,0x65C60E29,levelinfo,levelinfo,,1202108;1202109;1202110;1202111;1202112;1202113;1202114;1202115;1202120;7202108;7202109;7202110;7202111;7202112;7202113;7202114;7202115
1120234,0x08B63D21,line,1_0006001,1,1202112;7202112
1120234,0x08DFA755,line,3_0600001,3,1202112;7202112
1120234,0x0982E5FB,line,6_0301002,6,7202115
1120234,0x09F2784F,line,7_0203002,7,1202111
1120234,0x111091C2,line,5_0401002,5,7202108
1120234,0x13597BEA,line,1_0005001,1,1202113;7202113
1120234,0x1E0857E5,line,1_0900002,1,7202110
1120234,0x1F583EE2,line,2_0008002,2,7202114
1120234,0x1F878F7E,line,8_0211002,8,7202114
1120234,0x21720F02,line,1_0006002,1,1202112;7202112
1120234,0x23000C43,line,3_1100002,3,7202114
1120234,0x279E906F,line,1_0006003,1,7202112
1120234,0x29A9D1B6,line,11_0803002,11,7202114
1120234,0x2AE7BDDC,line,1_0900001,1,1202110;7202110
1120234,0x2C47CB75,line,1_0500002,1,1202108;7202108
1120234,0x2CE0A476,line,7_0203001,7,1202111
1120234,0x2D29FBAE,line,9_1001002,9,7202110
1120234,0x3428725D,line,3_0000001,3,1202120
1120234,0x3492692E,line,11_0308002,11,7202109
1120234,0x3A06611B,line,2_0004001,2,1202108;7202108
1120234,0x445AD14B,line,1_0005002,1,7202113
1120234,0x45B04848,line,2_0400001,2,1202113;7202113
1120234,0x46F7434E,line,2_0007001,2,1202111
1120234,0x471D611E,line,8_1102001,8,1202109;7202109
1120234,0x4992AC88,line,3_1100001,3,1202114;7202114
1120234,0x51FB8C0D,line,3_0700003,3,7202111
1120234,0x54979D32,line,1_0500001,1,1202108;7202108
1120234,0x597D383B,line,3_0600002,3,7202112
1120234,0x5C428583,line,9_1001001,9,1202110;7202110
1120234,0x5F8F2AF2,line,2_0007004,2,7202111
1120234,0x5FF45E91,line,5_0401001,5,1202108;7202108
1120234,0x63758B7E,line,7_0203003,7,7202111
1120234,0x64DF3D19,line,6_0103002,6,1202112;7202112
1120234,0x6534D621,line,5_0401003,5,
1120234,0x6ED3628B,line,4_0502001,4,1202113;7202113
1120234,0x70A18466,line,6_0103003,6,7202112
1120234,0x77B7E3CB,line,1_0500003,1,
1120234,0x78E52C3F,line,2_0800001,2,1202109;7202109
1120234,0x7C6C8B47,line,5_0104001,5,1202113;7202113
1120234,0x7DDDB394,line,4_0205003,4,
1120234,0x83739E61,line,2_0800002,2,7202109
1120234,0x8A87E910,line,10_0309002,10,7202110
1120234,0x8B724C29,line,8_0211001,8,1202114;7202114
1120234,0x8CC19067,line,2_0007002,2,1202111
1120234,0x8CCBCA26,line,3_0011001,3,1202109;7202109
1120234,0x8F60B42B,line,4_0205002,4,7202108
1120234,0xA103AD4E,line,1_0600002,1,7202115
1120234,0xA1102F54,line,11_0803001,11,1202114;7202114
1120234,0xA305AEF3,line,11_0308001,11,1202109;7202109
1120234,0xA40BC068,line,2_0004003,2,
1120234,0xA5BE2502,line,4_0502002,4,7202113
1120234,0xAEED1127,line,3_0010002,3,7202110
1120234,0xBA8BF705,line,2_0007003,2,1202111
1120234,0xBCA34DE4,line,3_0010001,3,1202110;7202110
1120234,0xBF675FF7,line,6_0301001,6,1202115;7202115
1120234,0xC16AE273,line,1_0600001,1,1202115;7202115
1120234,0xC4B1259E,line,8_1102002,8,7202109
1120234,0xC8B14731,line,3_0011002,3,7202109
1120234,0xC9D742A7,line,3_0006002,3,7202115
1120234,0xCCC2E55B,line,2_0400002,2,7202113
1120234,0xDAD44B1D,line,5_0104002,5,7202113
1120234,0xDC01FFA7,line,3_0700001,3,1202111
1120234,0xDE03326C,line,4_0205001,4,1202108;7202108
1120234,0xEA8B0445,line,10_0309001,10,1202110;7202110
1120234,0xEB44D25E,line,3_0006001,3,1202115;7202115
1120234,0xEE5D251C,line,2_0004002,2,7202108
1120234,0xEF6BBCCE,line,6_0103001,6,1202112;7202112
1120234,0xFA27F429,line,2_0008001,2,1202114;7202114
1120234,0xFD7CD356,line,3_0700002,3,1202111
1120234,0xA298F892,mapinfo,mapinfo,,
1120235,0x65C60E29,levelinfo,levelinfo,,1205199
1120235,0x50C28CE0,line,3_0200001,3,1205199
1120235,0x538BD72B,line,1_0000001,1,
1120235,0x7B1B39DC,line,1_0002001,1,1205199
1120235,0x89D77E42,line,2_0103001,2,1205199
1120235,0xA298F892,mapinfo,mapinfo,,
1120342,0x65C60E29,levelinfo,levelinfo,,1203141;1203142;1203143;1203144;1203145;1203146;1203147;7203141;7203142;7203143;7203144;7203145;7203146;7203147
1120342,0x07FB3092,line,6_0503002,6,7203147
1120342,0x08DFA755,line,3_0600001,3,1203147;7203147
1120342,0x0A31ADE5,line,4_0000001,4,1203145;7203145
1120342,0x0D4AD4DE,line,1_0204002,1,7203142
1120342,0x2D3D6487,line,4_0000002,4,7203145
1120342,0x3428725D,line,3_0000001,3,1203141;7203141
1120342,0x4385599F,line,6_0305001,6,1203143;7203143
1120342,0x47085398,line,3_0200003,3,1203144;7203144
1120342,0x4EE77721,line,6_0305002,6,7203143
1120342,0x50C28CE0,line,3_0200001,3,1203144;7203144
1120342,0x597D383B,line,3_0600002,3,7203147
1120342,0x5A3119B8,line,5_0600001,5,1203143;7203143
1120342,0x5D36F0C0,line,2_0000001,2,1203146;7203146
1120342,0x6D88CBAA,line,3_0200002,3,1203144;7203144
1120342,0x6EEFC332,line,2_0103002,2,7203144
1120342,0x7B1B39DC,line,1_0002001,1,1203144;7203144
1120342,0x7D11E9CE,line,5_0006001,5,1203147;7203147
1120342,0x89D77E42,line,2_0103001,2,1203144;7203144
1120342,0x8BB8E2DE,line,4_0100002,4,7203142
1120342,0x93167C23,line,2_0001001,2,1203142;7203142
1120342,0x98F4F793,line,3_0000002,3,7203141
1120342,0xA5E69E64,line,1_0002002,1,7203144
1120342,0xAB8BB2E9,line,2_0001002,2,1203142;7203142
1120342,0xAF28F8FD,line,2_0000002,2,7203146
1120342,0xBB3B7379,line,6_0503001,6,1203147;7203147
1120342,0xC9D742A7,line,3_0006002,3,7203143
1120342,0xD67BF068,line,1_0204001,1,1203142;7203142
1120342,0xD731625B,line,6_0005001,6,
1120342,0xE8A7D486,line,5_0600002,5,7203143
1120342,0xE974547F,line,4_0100001,4,1203142;7203142
1120342,0xEB44D25E,line,3_0006001,3,1203143;7203143
1120342,0xF1EA9C5F,line,2_0001003,2,7203142
1120342,0xFEB8B833,line,5_0006002,5,7203147
1120342,0xA298F892,mapinfo,mapinfo,,
1120343,0x65C60E29,levelinfo,levelinfo,,1203148;1203149;1203150;1203151;1203152;1203153;1203155;1203156;1203157
1120343,0x018C719A,line,12_2111001,12,1203153
1120343,0x1075C396,line,5_0400001,5,1203157
1120343,0x17C69CE0,line,30_2931001,30,1203152
1120343,0x2D3BDFC6,line,1_1000001,1,1203150
1120343,0x31B00205,line,26_0016001,26,1203149
1120343,0x36F0FF1D,line,29_2830001,29,1203152
1120343,0x386DA263,line,22_2031001,22,1203156
1120343,0x394EBA68,line,19_2000001,19,1203148
1120343,0x3C60D635,line,16_0626001,16,1203155
1120343,0x3CAADC15,line,,28,
1120343,0x3F68404D,line,28_2729001,28,1203152
1120343,0x40961E23,line,3_0204001,3,1203157
1120343,0x4682C1EF,line,26_1627001,26,1203155
1120343,0x4A321F5F,line,2_0003001,2,1203151;1203157
1120343,0x534653C2,line,,20,
1120343,0x53F04665,line,25_1827001,25,1203151
1120343,0x5687BC6A,line,11_1201001,11,1203153
1120343,0x58A10C43,line,1_1100001,1,1203153
1120343,0x5A3119B8,line,5_0600001,5,1203149
1120343,0x625E36D0,line,27_2600001,27,1203155
1120343,0x680E7B17,line,27_2500001,27,1203151
1120343,0x6C184119,line,3_0209001,3,1203151
1120343,0x74650317,line,31_2200001,31,1203156
1120343,0x7678C71E,line,6_0016001,6,1203155
1120343,0x79648CC4,line,21_0012001,21,1203153
1120343,0x80D1B94E,line,18_0825001,18,1203151
1120343,0x85E8AEA1,line,9_0308001,9,1203151
1120343,0x8CA82F6D,line,16_2606001,16,1203149
1120343,0x93F753A3,line,,20,
1120343,0x9824F37E,line,2_0003002,2,1203157
1120343,0x9DEF2CAE,line,12_1120001,12,1203148
1120343,0xA42C69E0,line,4_0305001,4,1203157
1120343,0xA68A94DE,line,13_1210001,13,1203150
1120343,0xAB04295C,line,5_0300001,5,
1120343,0xB243AD1E,line,13_1012001,13,1203156
1120343,0xB6ED605E,line,31_3000001,31,1203152
1120343,0xBC97B015,line,20_1222001,20,1203156
1120343,0xCD70842C,line,6_1605001,6,1203149
1120343,0xD5E87EE1,line,27_0028001,27,1203152
1120343,0xDF32E23A,line,11_0012001,11,1203148
1120343,0xE33BCAD8,line,12_1320001,12,1203156
1120343,0xE4BE6F3A,line,12_0013001,12,1203150
1120343,0xE699A627,line,10_0013001,10,1203156
1120343,0xE96B1790,line,,19,
1120343,0xE979E739,line,20_1219001,20,1203148
1120343,0xE9FE07C0,line,,12,
1120343,0xEE0543A1,line,3_0205001,3,
1120343,0xFCF8F684,line,8_0918001,8,1203151
1120343,0xFE146E69,line,10_1301001,10,1203150
1120343,0xA298F892,mapinfo,mapinfo,,
1120344,0x65C60E29,levelinfo,levelinfo,,1203154
1120344,0x538BD72B,line,1_0000001,1,1203154
1120344,0xA298F892,mapinfo,mapinfo,,
1120401,0x65C60E29,levelinfo,levelinfo,,1204101;1204102;1204103
1120401,0x1FFD9496,line,1_0000004,1,1204103
1120401,0x3428725D,line,3_0000001,3,
1120401,0x49E9FFCD,line,1_0000003,1,1204101;1204102;1204103
1120401,0x538BD72B,line,1_0000001,1,1204101;1204102;1204103
1120401,0xFF2087CE,line,1_0000002,1,1204101;1204102;1204103
1120401,0xA298F892,mapinfo,mapinfo,,
1120402,0x65C60E29,levelinfo,levelinfo,,1201115;1201116
1120402,0x3428725D,line,3_0000001,3,1201115;1201116
1120402,0x538BD72B,line,1_0000001,1,
1120402,0x98F4F793,line,3_0000002,3,1201115;1201116
1120402,0xA298F892,mapinfo,mapinfo,,
1120403,0x65C60E29,levelinfo,levelinfo,,1201117
1120403,0x2EB7E586,line,8_0000001,8,1201117
1120403,0x538BD72B,line,1_0000001,1,
1120403,0xA298F892,mapinfo,mapinfo,,
1120404,0x65C60E29,levelinfo,levelinfo,,1201701;1202701;7202701
1120404,0xC32A606E,line,9_0000003,9,1201701;7202701
1120404,0xD7B8BDB0,line,9_0000002,9,7202701
1120404,0xF7F1FE28,line,9_0000001,9,1201701;1202701;7202701
1120404,0xA298F892,mapinfo,mapinfo,,
1120410,0x65C60E29,levelinfo,levelinfo,,1205107;1205108;1205109;1205110;7205107;7205108;7205109;7205110
1120410,0x0867FA83,line,9_0600001,9,1205108;7205108
1120410,0x0D4AD4DE,line,1_0204002,1,7205110
1120410,0x18C68925,line,1_0400002,1,7205107
1120410,0x2179947F,line,7_0804002,7,7205107
1120410,0x23000C43,line,3_1100002,3,7205109
1120410,0x24B4B3B2,line,7_0400002,7,7205110
1120410,0x29C0ABCD,line,11_0503001,11,1205109;7205109
1120410,0x3EAAB1D9,line,,11,
1120410,0x3F9251E5,line,6_1009001,6,1205108;7205108
1120410,0x42F0DDF0,line,10_1106002,10,7205108
1120410,0x4992AC88,line,3_1100001,3,1205109;7205109
1120410,0x4E0FEE76,line,5_0011002,5,7205108
1120410,0x4FDCB125,line,4_0107002,4,7205110
1120410,0x570F0ABC,line,11_0510002,11,7205108
1120410,0x58204214,line,,6,
1120410,0x68F27587,line,4_0701002,4,7205107
1120410,0x6F2A3B8E,line,5_0011001,5,1205108;7205108
1120410,0x707D13EA,line,4_0701001,4,1205107;7205107
1120410,0x70A9EFE2,line,4_0107001,4,1205110;7205110
1120410,0x718A3CE6,line,6_1009002,6,7205108
1120410,0x79D0A1DA,line,5_0711001,5,1205109;7205109
1120410,0x7B2D2E92,line,5_0711002,5,7205109
1120410,0x7F63B393,line,8_0007001,8,1205107;7205107
1120410,0x850F8C40,line,,10,
1120410,0x857608A0,line,7_0005001,7,1205109;7205109
1120410,0x92746001,line,7_0804001,7,1205107;7205107
1120410,0x93167C23,line,2_0001001,2,1205110;7205110
1120410,0xA1F72F4A,line,7_0400001,7,1205110;7205110
1120410,0xA2B52145,line,8_0007002,8,7205107
1120410,0xAB8BB2E9,line,2_0001002,2,7205110
1120410,0xB1CADBB0,line,11_0510001,11,1205108;7205108
1120410,0xB8216B7C,line,1_0400001,1,1205107;7205107
1120410,0xC1396A2E,line,10_1106001,10,1205108;7205108
1120410,0xD67BF068,line,1_0204001,1,1205110;7205110
1120410,0xE60159D3,line,9_0600002,9,7205108
1120410,0xEAE38638,line,11_0503002,11,7205109
1120410,0xF6F4AC91,line,5_0010001,5,
1120410,0xFAB6B249,line,7_0005002,7,7205109
1120410,0xA298F892,mapinfo,mapinfo,,
1120501,0x65C60E29,levelinfo,levelinfo,,1205101;1205102;1205103;1205104;1205105;1205106;1205401;1205402;1205501;7205101;7205102;7205103;7205104;7205105;7205106
1120501,0x0062BCC9,line,7_0508001,7,1205104;7205104
1120501,0x02A33EA0,line,,6,
1120501,0x07FB3092,line,6_0503002,6,7205105
1120501,0x0867FA83,line,9_0600001,9,1205106;7205106
1120501,0x08DFA755,line,3_0600001,3,1205105;7205105
1120501,0x1162B8BB,line,8_0700002,8,7205104
1120501,0x19B3998D,line,9_0608001,9,1205101;7205101
1120501,0x1C39D5C7,line,4_0005002,4,7205106
1120501,0x2885909D,line,3_0200401,3,1205401
1120501,0x2A1C6BE7,line,5_0702401,5,1205401
1120501,0x2E3B4CC4,line,2_0503002,2,7205103
1120501,0x2F047B81,line,8_0900002,8,7205101
1120501,0x3304EE30,line,5_0007002,5,1205104;7205104
1120501,0x3B43483B,line,2_0503001,2,1205103;7205103
1120501,0x4CCAF6E2,line,4_0006001,4,
1120501,0x4E242378,line,5_0007001,5,1205104;7205104
1120501,0x50C28CE0,line,3_0200001,3,1205103;7205103
1120501,0x5334832C,line,7_0508002,7,7205104
1120501,0x597D383B,line,3_0600002,3,7205105
1120501,0x6712063D,line,4_0005001,4,1205106;7205106
1120501,0x681D8693,line,6_0509001,6,1205106;7205106
1120501,0x689C86D6,line,5_0007003,5,7205104
1120501,0x68F27587,line,4_0701002,4,7205102
1120501,0x6D88CBAA,line,3_0200002,3,7205103
1120501,0x707D13EA,line,4_0701001,4,1205102;7205102
1120501,0x71A2677E,line,6_0009001,6,7205101
1120501,0x71A6D1A2,line,1_0402002,1,7205102
1120501,0x75EAA4D9,line,5_0702001,5,1205103
1120501,0x7D11E9CE,line,5_0006001,5,1205105;7205105
1120501,0x8255A6F9,line,9_0608002,9,7205101
1120501,0x857608A0,line,7_0005001,7,1205103
1120501,0x873C93EC,line,5_0002001,5,7205103
1120501,0x8ACA198B,line,5_0406002,5,7205106
1120501,0x9117FACD,line,5_0406001,5,1205106;7205106
1120501,0xA0CF1FE6,line,6_0309001,6,1205101
1120501,0xA1794DFA,line,7_0005401,7,1205401
1120501,0xAD271240,line,7_0000402,7,1205402
1120501,0xBB3B7379,line,6_0503001,6,1205105;7205105
1120501,0xBB3BB19F,line,2_0503401,2,1205401
1120501,0xC90FC546,line,8_0700001,8,1205104;7205104
1120501,0xD14471DF,line,7_0004001,7,1205102;7205102
1120501,0xD521DF79,line,1_0402001,1,1205102;7205102
1120501,0xDC2C1A53,line,2_0100001,2,1205102;7205102
1120501,0xE00ED312,line,7_0004002,7,7205102
1120501,0xE60159D3,line,9_0600002,9,7205106
1120501,0xEA9B7F0C,line,8_0900001,8,1205101;7205101
1120501,0xEB44D25E,line,3_0006001,3,1205101
1120501,0xECBF26C4,line,6_0509002,6,7205106
1120501,0xF7F1FE28,line,9_0000001,9,1205501
1120501,0xF898B371,line,2_0100002,2,7205102
1120501,0xFEB8B833,line,5_0006002,5,7205105
1120501,0xA298F892,mapinfo,mapinfo,,
1120502,0x65C60E29,levelinfo,levelinfo,,1205111;1205112;1205113;1205114;1205115;1205116;1205117;1205118;1205119
1120502,0x0062BCC9,line,7_0508001,7,1205114
1120502,0x045F0DA4,line,2_0301001,2,1205117
1120502,0x173F030B,line,17_1812001,17,1205112
1120502,0x1B49A569,line,3_0400001,3,1205113
1120502,0x20E9AF2E,line,15_0016001,15,1205111
1120502,0x20ECD809,line,17_1118001,17,1205118
1120502,0x2AE7BDDC,line,1_0900001,1,1205114
1120502,0x3330FE7D,line,4_1303001,4,1205113
1120502,0x337EEA9B,line,9_0801001,9,1205114
1120502,0x343C4F6C,line,16_1812001,16,1205115
1120502,0x37F2BEB1,line,17_0016001,17,1205119
1120502,0x510C494B,line,18_0017001,18,1205112
1120502,0x60DF6C17,line,17_1600001,17,1205111
1120502,0x61BEF369,line,1_0200001,1,1205117
1120502,0x6712063D,line,4_0005001,4,1205114
1120502,0x68F36B60,line,4_0003001,4,1205117
1120502,0x6A0DE58B,line,16_1715001,16,1205119
1120502,0x70D07AAA,line,12_1700001,12,1205112
1120502,0x8A0389BD,line,13_0014001,13,1205116
1120502,0x8E6A090A,line,14_1316001,14,1205116
1120502,0x9234AF88,line,18_1700001,18,1205118
1120502,0x976F062D,line,15_1600001,15,1205119
1120502,0xA8F4CDD0,line,5_0407001,5,1205114
1120502,0xAD5F010A,line,3_0402001,3,1205117
1120502,0xB3D2F311,line,18_0016001,18,1205115
1120502,0xB4F507F8,line,8_0709001,8,1205114
1120502,0xC336EA88,line,,16,
1120502,0xDA3B2EDB,line,16_1517001,16,1205111
1120502,0xDC5568DF,line,12_1600001,12,1205115
1120502,0xE0E12E13,line,14_0013001,14,1205113
1120502,0xE1B97849,line,16_1400001,16,1205116
1120502,0xE89A757C,line,11_0017001,11,1205118
1120502,0xFA0A1971,line,13_1404001,13,1205113
1120502,0xFEA3569B,line,,14,
1120502,0xA298F892,mapinfo,mapinfo,,
1120601,0x65C60E29,levelinfo,levelinfo,,1206101
1120601,0x0F64CAEF,line,,5,
1120601,0x371E8F87,line,,1,
1120601,0x40961E23,line,3_0204001,3,
1120601,0x538BD72B,line,1_0000001,1,1206101
1120601,0x75B2C74A,line,4_0300001,4,
1120601,0x89D77E42,line,2_0103001,2,
1120601,0xA298F892,mapinfo,mapinfo,,
1120602,0x65C60E29,levelinfo,levelinfo,,1206201
1120602,0x538BD72B,line,1_0000001,1,1206201
1120602,0xA298F892,mapinfo,mapinfo,,
1120701,0x65C60E29,levelinfo,levelinfo,,1206102
1120701,0x538BD72B,line,1_0000001,1,1206102
1120701,0xA298F892,mapinfo,mapinfo,,
1120901,0x65C60E29,levelinfo,levelinfo,,1209101
1120901,0x5D36F0C0,line,2_0000001,2,1209101
1120901,0xA298F892,mapinfo,mapinfo,,
1130101,0x65C60E29,levelinfo,levelinfo,,1301101;1301102;1301103;1301104;1301105;1301106;1301107;1301108;1301143;7301101;7301102;7301103;7301104;7301105;7301106;7301107;7301108
1130101,0x00836C3C,line,10_1109004,10,7301103
1130101,0x013C0790,line,16_0500001,16,1301105;7301105
1130101,0x04161E34,line,2_0700004,2,7301101
1130101,0x08B63D21,line,1_0006001,1,1301107;7301107
1130101,0x0A626F90,line,3_1211001,3,1301108;7301108
1130101,0x10B80201,line,2_0700001,2,1301101;1301107;7301101;7301107
1130101,0x1819EB57,line,12_1303001,12,1301108;7301108
1130101,0x1E0857E5,line,1_0900002,1,1301103;7301103
1130101,0x1EA48414,line,1_0900003,1,1301103;7301103
1130101,0x21720F02,line,1_0006002,1,7301107
1130101,0x2220BA91,line,4_1500002,4,7301106
1130101,0x2764AE31,line,6_0107003,6,7301107
1130101,0x2AE7BDDC,line,1_0900001,1,1301103;7301103
1130101,0x2D29FBAE,line,9_1001002,9,7301103
1130101,0x2F3966F8,line,4_0015001,4,1301102;7301102
1130101,0x322475E2,line,3_0008002,3,7301101
1130101,0x323D84E1,line,5_1600001,5,1301102;7301102
1130101,0x37971741,line,14_1305002,14,7301105
1130101,0x384E1C76,line,15_1604002,15,7301106
1130101,0x3E792E59,line,10_1109001,10,1301103;1301108;7301103;7301108
1130101,0x45151198,line,14_1305001,14,1301105;7301105
1130101,0x46F7434E,line,2_0007001,2,1301104;7301104
1130101,0x4AB185E1,line,4_0015002,4,7301102
1130101,0x4D8D90BF,line,3_0008001,3,1301101;7301101
1130101,0x5330404C,line,6_0701001,6,1301104;7301104
1130101,0x538BD72B,line,1_0000001,1,
1130101,0x5460030F,line,7_0602001,7,1301107;7301107
1130101,0x56CC73D3,line,7_0802002,7,7301101
1130101,0x5ACAFB2C,line,7_0602002,7,7301107
1130101,0x5C428583,line,9_1001001,9,1301103;7301103
1130101,0x5D36F0C0,line,2_0000001,2,1301143
1130101,0x5E92B392,line,6_0701002,6,7301104
1130101,0x5F824ED2,line,5_1600002,5,7301102
1130101,0x5F930C2D,line,9_1004001,9,1301108;7301108
1130101,0x6BADC645,line,15_0416002,15,7301102
1130101,0x75BFC5FB,line,11_0310001,11,1301103;1301108;7301103;7301108
1130101,0x77CDA6C5,line,4_1500001,4,1301106;7301106
1130101,0x7A870AC2,line,8_0307001,8,1301101;7301101
1130101,0x80243656,line,12_1303002,12,7301108
1130101,0x86DC6C9C,line,15_0416001,15,1301102;7301102
1130101,0x88153FF7,line,16_1505001,16,1301102;7301102
1130101,0x89098996,line,5_0016001,5,1301106;7301106
1130101,0x8A0389BD,line,13_0014001,13,1301105;7301105
1130101,0x8C072D74,line,16_1505003,16,7301102
1130101,0x8CC19067,line,2_0007002,2,7301104
1130101,0x8CCBCA26,line,3_0011001,3,1301103;7301103
1130101,0x8D3AB335,line,11_0010001,11,
1130101,0x8D7AD77C,line,1_0900004,1,1301103;7301103
1130101,0x8FEB5110,line,4_0900001,4,1301108;7301108
1130101,0x9324E1C8,line,3_1211002,3,7301108
1130101,0x9793662A,line,5_1416002,5,7301105
1130101,0x97A80252,line,4_0900002,4,7301108
1130101,0xA103AD4E,line,1_0600002,1,7301104
1130101,0xA4245DDB,line,5_1416001,5,1301105;7301105
1130101,0xAA98BD00,line,1_0900005,1,7301103
1130101,0xAC1ADFD7,line,11_0310002,11,1301103;1301108;7301103;7301108
1130101,0xAF9896D8,line,16_0515001,16,1301106;7301106
1130101,0xAFC193BC,line,13_0014002,13,7301105
1130101,0xB8F05E64,line,2_0700002,2,1301101;1301107;7301101;7301107
1130101,0xB96D749F,line,16_0515002,16,7301106
1130101,0xBE17B58C,line,16_0500002,16,7301105
1130101,0xC16AE273,line,1_0600001,1,1301104;7301104
1130101,0xC8B14731,line,3_0011002,3,7301103
1130101,0xCFC338C9,line,9_1004002,9,7301108
1130101,0xD4C9269C,line,5_0016002,5,7301106
1130101,0xD572BAB3,line,15_1604001,15,1301106;7301106
1130101,0xD5B2B350,line,6_0107001,6,1301107;7301107
1130101,0xD5C7292A,line,7_0802001,7,1301101;7301101
1130101,0xDCD97679,line,8_0307002,8,7301101
1130101,0xE08F4CE1,line,13_0012001,13,1301108;7301108
1130101,0xE585B50D,line,7_0206001,7,1301104;7301104
1130101,0xE7F1A68A,line,16_1505002,16,1301102;7301102
1130101,0xE98F7B15,line,16_1505004,16,7301102
1130101,0xF188FA75,line,13_0012002,13,7301108
1130101,0xF3F15EBC,line,2_0700003,2,7301101;7301107
1130101,0xF5064890,line,11_0310003,11,1301103;7301103;7301108
1130101,0xF62A1231,line,11_0310004,11,1301103;7301103
1130101,0xFB2CBC2A,line,10_1109003,10,7301103;7301108
1130101,0xFD184B3C,line,10_1109002,10,1301108;7301103;7301108
1130101,0xFE2FEF0E,line,7_0206002,7,7301104
1130101,0xFF082C6B,line,6_0107002,6,1301107;7301107
1130101,0xA298F892,mapinfo,mapinfo,,
1130201,0x65C60E29,levelinfo,levelinfo,,1302101;1302102;1302103;1302104;1302105;1302107;1302108;1302162;7302101;7302102;7302103;7302104;7302105;7302107;7302108;7302162
1130201,0x01BFFD0E,line,10_0712001,10,1302107;7302107
1130201,0x03407D3D,line,9_1106001,9,1302101;7302101
1130201,0x072EB3E0,line,5_0000001,5,1302162;7302162
1130201,0x083A747D,line,9_0510001,9,1302103;7302103
1130201,0x08D56998,line,12_1000004,12,7302105
1130201,0x0D785459,line,7_0410002,7,7302107
1130201,0x0EC28708,line,11_0009004,11,7302108
1130201,0x107C0C18,line,12_1000001,12,1302105;1302107;7302105;7302107
1130201,0x1833817B,line,5_0009002,5,1302103;7302103
1130201,0x18FAE670,line,1_0003001,1,1302105
1130201,0x2131EE7B,line,9_1110001,9,1302108;7302108
1130201,0x2250B72F,line,9_1110002,9,7302108
1130201,0x227D56F1,line,1_0003002,1,
1130201,0x23633A01,line,8_0410002,8,7302105
1130201,0x2737423E,line,11_0009002,11,1302108;7302101;7302108
1130201,0x28315F9E,line,4_0203001,4,1302104
1130201,0x359106C6,line,5_0009001,5,1302103;7302103
1130201,0x38772F7F,line,11_0900001,11,1302104
1130201,0x3A06611B,line,2_0004001,2,1302104;1302107;7302107
1130201,0x3F5ACF26,line,7_1004002,7,7302102
1130201,0x45B04848,line,2_0400001,2,1302102;7302102
1130201,0x464C2129,line,3_0601002,3,7302101
1130201,0x489E9A05,line,10_0812001,10,1302105;7302105
1130201,0x4C75107E,line,4_0308001,4,1302105
1130201,0x4CE80758,line,12_0010002,12,7302102
1130201,0x4E8AB2FB,line,6_0903001,6,1302101;7302101
1130201,0x4F5CF43D,line,,8,
1130201,0x538BD72B,line,1_0000001,1,
1130201,0x5B3B7D2D,line,5_0000002,5,7302162
1130201,0x6410A47C,line,9_0611001,9,1302104
1130201,0x6B763DB3,line,3_0406002,3,7302104
1130201,0x74898181,line,10_1207001,10,1302102;7302102
1130201,0x771C112F,line,7_1000001,7,1302108;7302108
1130201,0x77C1FBB6,line,11_0009003,11,7302101;7302108
1130201,0x824473D6,line,7_0410001,7,1302107;7302107
1130201,0x84B13774,line,10_0712002,10,7302107
1130201,0x916BE078,line,6_0300003,6,7302104
1130201,0x94309093,line,7_1000002,7,7302108
1130201,0x95E85F1B,line,10_1207002,10,7302102
1130201,0x9F59165D,line,10_0908002,10,1302103;7302103
1130201,0xA0CF1FE6,line,6_0309001,6,1302104
1130201,0xA40BC068,line,2_0004003,2,7302107
1130201,0xA8E9E9D7,line,12_1000003,12,7302105;7302107
1130201,0xAB92D383,line,12_1000002,12,1302107;7302105;7302107
1130201,0xAC6B9C06,line,4_0203002,4,7302104
1130201,0xB31F736F,line,11_0009001,11,1302101;1302108;7302101;7302108
1130201,0xB384AFFC,line,3_0601001,3,1302101;7302101
1130201,0xB50FA8E9,line,4_0008001,4,7302105
1130201,0xB6A19398,line,2_0004004,2,7302104
1130201,0xBB7E7E2A,line,10_0907002,10,7302108
1130201,0xBDDBA76D,line,9_0510002,9,1302103;7302103
1130201,0xBDEC3DAE,line,9_1106002,9,7302101
1130201,0xC3226874,line,3_0104001,3,1302105
1130201,0xC6F36FCC,line,4_0702001,4,1302102;7302102
1130201,0xCCC2E55B,line,2_0400002,2,7302102
1130201,0xCDB3FBF4,line,6_0903002,6,7302101
1130201,0xCE11FE35,line,4_0207001,4,1302107;7302107
1130201,0xCF28CBD8,line,10_0908001,10,1302103;7302103
1130201,0xCFDDBF87,line,10_0812002,10,7302105
1130201,0xD417DB0D,line,4_0702002,4,7302102
1130201,0xD7048FCB,line,4_0207002,4,7302107
1130201,0xDC51AC23,line,8_0410001,8,1302105;7302105
1130201,0xDE311CC7,line,1_0300001,1,1302101;7302101
1130201,0xDE5B857C,line,8_1000001,8,1302103;7302103
1130201,0xDF085BFB,line,10_0907001,10,1302108;7302108
1130201,0xE45C27FF,line,12_0010001,12,1302102;7302102
1130201,0xEE5D251C,line,2_0004002,2,1302107;7302107
1130201,0xF1531AFC,line,3_0406001,3,1302104
1130201,0xF57F648B,line,8_1000002,8,1302103;7302103
1130201,0xF590BD0F,line,1_0300002,1,7302101
1130201,0xFFD4B2E3,line,7_1004001,7,1302102;7302102
1130201,0xA298F892,mapinfo,mapinfo,,
1130202,0x65C60E29,levelinfo,levelinfo,,1300701;1302701;7302701
1130202,0x3DF7F8DF,line,12_0000002,12,7302701
1130202,0x538BD72B,line,1_0000001,1,
1130202,0x76E5A487,line,12_0000003,12,1300701;1302701;7302701
1130202,0x9365A932,line,12_0000001,12,1300701;1302701;7302701
1130202,0xA298F892,mapinfo,mapinfo,,
1130203,0x65C60E29,levelinfo,levelinfo,,1302110;1302111;1302112;1302113;1302114;1302115;1302116;1302117
1130203,0x1081C10F,line,3_0401001,3,1302112
1130203,0x1D9058B7,line,20_2421001,20,1302117
1130203,0x232E2CAF,line,12_0009001,12,1302116
1130203,0x2365CFED,line,22_2300001,22,1302115
1130203,0x252D24C0,line,21_2022001,21,1302117
1130203,0x2AE7BDDC,line,1_0900001,1,1302116
1130203,0x2C8B7357,line,5_0004001,5,
1130203,0x3277087F,line,10_0011001,10,1302113
1130203,0x51D44348,line,9_1201001,9,1302116
1130203,0x538BD72B,line,1_0000001,1,
1130203,0x564861DD,line,17_1518001,17,1302111
1130203,0x5A2FE4A0,line,8_0214001,8,1302110
1130203,0x5A3119B8,line,5_0600001,5,1302114
1130203,0x5E83FB35,line,24_2520001,24,1302117
1130203,0x66D6127A,line,19_0024001,19,1302115
1130203,0x68F36B60,line,4_0003001,4,1302112
1130203,0x788BCDF1,line,24_1923001,24,1302115
1130203,0x81A6D977,line,23_2422001,23,1302115
1130203,0x8341A7B0,line,22_2100001,22,1302117
1130203,0x8A07B5BB,line,15_0717001,15,1302111
1130203,0x8C50C81F,line,22_1100001,22,1302113
1130203,0x9125C34A,line,26_1800001,26,1302111
1130203,0xA40B9943,line,4_0503001,4,
1130203,0xA766AB26,line,16_0006001,16,1302114
1130203,0xAD4B7CB9,line,7_0015001,7,1302111
1130203,0xC163AF21,line,11_1022001,11,1302113
1130203,0xCD70842C,line,6_1605001,6,1302114
1130203,0xD0C833D9,line,25_0024001,25,1302117
1130203,0xDE311CC7,line,1_0300001,1,1302112
1130203,0xF0C3F276,line,18_1726001,18,1302111
1130203,0xFA27F429,line,2_0008001,2,1302110
1130203,0xFB0A8ED2,line,14_0800001,14,1302110
1130203,0xA298F892,mapinfo,mapinfo,,
1130204,0x65C60E29,levelinfo,levelinfo,,1302109
1130204,0x50C28CE0,line,3_0200001,3,1302109
1130204,0x7B1B39DC,line,1_0002001,1,1302109
1130204,0x89D77E42,line,2_0103001,2,1302109
1130204,0xA298F892,mapinfo,mapinfo,,
1130205,0x65C60E29,levelinfo,levelinfo,,1302163
1130205,0xCC9E2810,line,18_0000001,18,1302163
1130205,0xA298F892,mapinfo,mapinfo,,
1130301,0x65C60E29,levelinfo,levelinfo,,1303101;1303102;1303103;1303104;1303105;1303106;1303107;1303108;7303101;7303102;7303103;7303104;7303105;7303106;7303107;7303108
1130301,0x045F0DA4,line,2_0301001,2,1303102;1303108;7303102;7303108
1130301,0x060789EC,line,13_1214001,13,1303101;7303101
1130301,0x0750592D,line,8_1007001,8,1303103;7303103
1130301,0x0B50F5F3,line,9_0803003,9,7303107
1130301,0x0CC85DB9,line,8_1407002,8,7303105
1130301,0x0D9C0B4A,line,11_0005001,11,1303106
1130301,0x10CB6AA7,line,5_0700003,5,7303105
1130301,0x189ADD33,line,1_0200002,1,1303102;1303108;7303102;7303108
1130301,0x22AA9985,line,5_0700004,5,7303103
1130301,0x24939B77,line,1_0602001,1,1303106
1130301,0x24D77C85,line,14_1513001,14,1303104;7303104
1130301,0x251F4EC3,line,15_1400001,15,1303101;7303101
1130301,0x259884F7,line,13_1412002,13,1303104;7303104
1130301,0x29D43465,line,5_0700002,5,1303103;1303105;7303103
1130301,0x2B91829F,line,13_1214002,13,7303101
1130301,0x2BAB167D,line,15_0014002,15,1303104;7303104
1130301,0x32D729AD,line,11_0005002,11,7303106
1130301,0x3843D5D1,line,7_0008001,7,1303108;7303108
1130301,0x4245F407,line,14_1308002,14,7303105
1130301,0x4A06CBFE,line,2_0301004,2,7303108
1130301,0x4DD6291F,line,14_1315001,14,1303101;7303101
1130301,0x4EBA6FA1,line,8_1007003,8,7303103
1130301,0x52A2010F,line,8_1009002,8,7303107
1130301,0x5330404C,line,6_0701001,6,1303106
1130301,0x538BD72B,line,1_0000001,1,
1130301,0x57DC1F4D,line,13_1412001,13,1303104;7303104
1130301,0x5E92B392,line,6_0701002,6,7303106
1130301,0x5FF5409F,line,3_0904002,3,7303107
1130301,0x61BEF369,line,1_0200001,1,1303102;1303108;7303102;7303108
1130301,0x6361A87A,line,3_0902002,3,7303108
1130301,0x646635B1,line,12_0013002,12,7303101
1130301,0x67CBB6B9,line,8_1407001,8,1303105
1130301,0x68F36B60,line,4_0003001,4,1303102;7303102
1130301,0x6F6283F5,line,12_1300001,12,1303104;7303104
1130301,0x70A0AF5F,line,1_0200003,1,1303102;1303108;7303102;7303108
1130301,0x75B2C74A,line,4_0300001,4,1303107;7303107
1130301,0x7E8C8413,line,4_0003002,4,1303102;7303102
1130301,0x82DD5656,line,1_0200004,1,7303108
1130301,0x8557CFA8,line,14_1513002,14,1303104;7303104
1130301,0x8A0389BD,line,13_0014001,13,1303105;7303105
1130301,0x91A6D14E,line,5_1107002,5,7303106
1130301,0x9539490C,line,7_0008002,7,7303108
1130301,0x990F38B7,line,5_1107001,5,1303106
1130301,0x9AE1F599,line,10_0008004,10,7303107
1130301,0x9F3E1372,line,9_0803002,9,7303107;7303108
1130301,0xA27E9F1C,line,7_0506002,7,7303106
1130301,0xA6BB63C2,line,15_1400002,15,7303101
1130301,0xA936AC34,line,3_0902001,3,1303108;7303108
1130301,0xAA59DEB7,line,4_0300002,4,7303107
1130301,0xAD5F010A,line,3_0402001,3,1303102;7303102
1130301,0xAFC193BC,line,13_0014002,13,1303105;7303105
1130301,0xB082D9F7,line,3_0904001,3,1303107;7303107
1130301,0xB1F14CAC,line,9_0803001,9,1303107;1303108;7303107;7303108
1130301,0xB4F507F8,line,8_0709001,8,1303108;7303108
1130301,0xB56132B7,line,10_0008002,10,1303107;7303103;7303107
1130301,0xB6C0F551,line,12_1300002,12,1303104;7303104
1130301,0xBC40FA10,line,14_1308001,14,1303105
1130301,0xC04AAE59,line,7_0805002,7,7303105
1130301,0xC0C4A71D,line,14_1315002,14,7303101
1130301,0xC16AE273,line,1_0600001,1,
1130301,0xC5C8F4D3,line,5_0700001,5,1303103;1303105;7303103
1130301,0xC8C28F2F,line,7_0805003,7,7303103
1130301,0xCD2FFEF5,line,7_0805001,7,1303103;1303105;7303103
1130301,0xCE96C3CD,line,3_0402002,3,1303102;7303102
1130301,0xD0E528C2,line,2_0301002,2,1303102;1303108;7303102;7303108
1130301,0xD78335A4,line,15_0014001,15,1303104;7303104
1130301,0xDAD54C98,line,2_0301003,2,1303102;1303108;7303102;7303108
1130301,0xDC2C1A53,line,2_0100001,2,1303106
1130301,0xE33D3D8D,line,1_0602002,1,7303106
1130301,0xE38D83D4,line,8_1009001,8,1303107;7303107
1130301,0xE4BE6F3A,line,12_0013001,12,1303101;7303101
1130301,0xE587D8CD,line,7_0506001,7,1303106
1130301,0xE61CA29E,line,10_0008001,10,1303103;1303107;7303103;7303107
1130301,0xE7B3C709,line,8_0709002,8,7303108
1130301,0xF2847EB8,line,10_0008003,10,7303103;7303107
1130301,0xF898B371,line,2_0100002,2,7303106
1130301,0xA298F892,mapinfo,mapinfo,,
1130302,0x65C60E29,levelinfo,levelinfo,,1302160
1130302,0x9365A932,line,12_0000001,12,1302160
1130302,0xA298F892,mapinfo,mapinfo,,
1130303,0x65C60E29,levelinfo,levelinfo,,1303109;1303110;1303111;1303112;1303113;1303114;1303115;1303116
1130303,0x1075C396,line,5_0400001,5,1303113
1130303,0x2169724F,line,,21,
1130303,0x2D3BDFC6,line,1_1000001,1,1303115
1130303,0x3222B7F0,line,18_0015001,18,1303114
1130303,0x394EBA68,line,19_2000001,19,1303116
1130303,0x40199648,line,17_1621001,17,1303109
1130303,0x4A321F5F,line,2_0003001,2,1303109
1130303,0x50C28CE0,line,3_0200001,3,
1130303,0x538BD72B,line,1_0000001,1,
1130303,0x5687BC6A,line,11_1201001,11,1303110
1130303,0x58A10C43,line,1_1100001,1,1303110
1130303,0x5A3119B8,line,5_0600001,5,1303111
1130303,0x61EDD1B9,line,16_0807001,16,1303114
1130303,0x7B1B39DC,line,1_0002001,1,
1130303,0x7D11E9CE,line,5_0006001,5,
1130303,0x88FEFA81,line,7_1605001,7,1303114
1130303,0x89D77E42,line,2_0103001,2,
1130303,0x8A0389BD,line,13_0014001,13,1303113;1303115
1130303,0x8B40A848,line,,18,
1130303,0x8EBE4E9D,line,15_0818001,15,1303112
1130303,0x90A52C29,line,6_0500001,6,
1130303,0x91B6D15C,line,,16,
1130303,0xA42C69E0,line,4_0305001,4,1303113
1130303,0xA5E69E64,line,1_0002002,1,
1130303,0xAACFA65F,line,21_1700001,21,1303109
1130303,0xACEC6607,line,8_0315001,8,1303109
1130303,0xAFC193BC,line,13_0014002,13,1303113;1303115
1130303,0xB0655751,line,15_0816001,15,1303109
1130303,0xB082D9F7,line,3_0904001,3,1303113
1130303,0xB0D8CFD5,line,3_0208001,3,1303109
1130303,0xB9633086,line,8_1516001,8,1303114
1130303,0xBF991F56,line,14_1310001,14,1303115
1130303,0xC4B090DA,line,,15,
1130303,0xC5C8F4D3,line,5_0700001,5,1303114
1130303,0xC6FF24B5,line,12_0011001,12,1303110
1130303,0xCF308529,line,8_0015001,8,1303112
1130303,0xD0C17F7A,line,19_1800001,19,1303112
1130303,0xD731625B,line,6_0005001,6,1303111
1130303,0xDA3B2EDB,line,16_1517001,16,1303109
1130303,0xDC2C1A53,line,2_0100001,2,
1130303,0xDC31C2D9,line,9_1403001,9,1303113
1130303,0xDC63D86F,line,10_1401001,10,1303115
1130303,0xF1A5AB5B,line,15_1808001,15,1303114
1130303,0xF4F23705,line,20_0019001,20,1303116
1130303,0xFC49E4A8,line,18_1519001,18,1303112
1130303,0xFE91767F,line,14_1309001,14,1303113
1130303,0xA298F892,mapinfo,mapinfo,,
1130902,0x65C60E29,levelinfo,levelinfo,,1309101;1309102
1130902,0x538BD72B,line,1_0000001,1,1309101;1309102
1130902,0xFF2087CE,line,1_0000002,1,1309102
1130902,0xA298F892,mapinfo,mapinfo,,
1140101,0x65C60E29,levelinfo,levelinfo,,1401101;1401102;1401103;1401104;1401105;1401106;1401107;7401101;7401102;7401103;7401104;7401105;7401106;7401107
1140101,0x0D9734D9,line,6_0900001,6,1401104;7401104
1140101,0x0F64CAEF,line,5_0001001,5,
1140101,0x189ADD33,line,1_0200002,1,7401106
1140101,0x1B49A569,line,3_0400001,3,1401105;7401105
1140101,0x1BB1E88C,line,6_0900002,6,7401104
1140101,0x23000C43,line,3_1100002,3,1401103;7401103
1140101,0x2B51F04C,line,12_0110001,12,1401103;1401104;7401103;7401104
1140101,0x2C8B7357,line,5_0004001,5,1401105;7401105
1140101,0x371E8F87,line,,1,
1140101,0x38388175,line,10_1211001,10,1401103;7401103
1140101,0x3843D5D1,line,7_0008001,7,1401107;7401107
1140101,0x40961E23,line,3_0204001,3,
1140101,0x4992AC88,line,3_1100001,3,1401103;7401103
1140101,0x50C28CE0,line,3_0200001,3,1401102;7401102
1140101,0x538BD72B,line,1_0000001,1,
1140101,0x54E166CB,line,12_0110002,12,1401103;1401104;7401103;7401104
1140101,0x5A369399,line,1_0800001,1,1401107;7401107
1140101,0x5D34ECC2,line,10_1209001,10,1401104;7401104
1140101,0x5EE44DB3,line,7_0806001,7,1401101;7401101
1140101,0x61BEF369,line,1_0200001,1,1401106;7401106
1140101,0x625D9356,line,8_0701001,8,1401107;7401107
1140101,0x6362D716,line,11_1003002,11,1401103;7401103
1140101,0x63E6BECB,line,1_0012002,1,1401103;7401103;7401104
1140101,0x6C7AB90F,line,12_0110003,12,1401103;7401103;7401104
1140101,0x6D88CBAA,line,3_0200002,3,1401102;7401102
1140101,0x6EEFC332,line,2_0103002,2,1401102;7401102
1140101,0x744B2EA3,line,6_0700002,6,7401101
1140101,0x75B2C74A,line,4_0300001,4,
1140101,0x7663457E,line,9_1006002,9,7401104
1140101,0x77CDA6C5,line,4_1500001,4,
1140101,0x7B1B39DC,line,1_0002001,1,1401102;7401102
1140101,0x7BD848CC,line,6_0700001,6,1401101;7401101
1140101,0x7E979A52,line,4_0503002,4,1401105;7401105
1140101,0x7F63B393,line,8_0007001,8,1401101;7401101
1140101,0x7FF4DED8,line,1_0012001,1,1401103;1401104;7401103;7401104
1140101,0x88D1AC9F,line,1_0800002,1,7401107
1140101,0x89D77E42,line,2_0103001,2,1401102;7401102
1140101,0x8BCD1A15,line,11_1003001,11,1401103;7401103
1140101,0x91387F54,line,10_1211002,10,1401103;7401103
1140101,0x9153B6A6,line,7_0806002,7,1401101;7401101
1140101,0x93167C23,line,2_0001001,2,1401106;7401106
1140101,0x93D0EFE3,line,12_0110004,12,7401104
1140101,0x9539490C,line,7_0008002,7,7401107
1140101,0xA2B52145,line,8_0007002,8,7401101
1140101,0xA40B9943,line,4_0503001,4,1401105;7401105
1140101,0xA5E69E64,line,1_0002002,1,1401102;7401102
1140101,0xAB8BB2E9,line,2_0001002,2,7401106
1140101,0xABED9C77,line,3_0400002,3,1401105;7401105
1140101,0xBCBE27BB,line,8_0701002,8,7401107
1140101,0xBE86BA11,line,5_0004002,5,1401105;7401105
1140101,0xCA2B30D0,line,9_1006001,9,1401104;7401104
1140101,0xDD24EEA9,line,10_1209002,10,7401104
1140101,0xA298F892,mapinfo,mapinfo,,
1140102,0x65C60E29,levelinfo,levelinfo,,1401108;1401109;1401110;1401111;1401112;1401113
1140102,0x06A726BD,line,26_2527001,26,1401112
1140102,0x1075C396,line,5_0400001,5,1401111
1140102,0x10766DEE,line,8_1218001,8,1401113
1140102,0x1108F05F,line,6_0014001,6,1401110
1140102,0x1C688221,line,21_0020001,21,1401108
1140102,0x1EBEFA4C,line,27_2628001,27,1401112
1140102,0x2D3BDFC6,line,1_1000001,1,1401108
1140102,0x35178700,line,22_1900001,22,1401113
1140102,0x40961E23,line,3_0204001,3,1401111
1140102,0x4523F89A,line,23_1711001,23,1401113
1140102,0x47085398,line,3_0200003,3,
1140102,0x4A321F5F,line,2_0003001,2,1401111
1140102,0x4CC44DCD,line,11_2309001,11,1401113
1140102,0x4E850A75,line,19_0922001,19,1401113
1140102,0x50C28CE0,line,3_0200001,3,
1140102,0x6286C853,line,2_0103003,2,
1140102,0x64354F6B,line,17_1618001,17,1401109
1140102,0x6C414C65,line,12_1308001,12,1401113
1140102,0x6D88CBAA,line,3_0200002,3,
1140102,0x6EEFC332,line,2_0103002,2,
1140102,0x730CA7A5,line,1_0002003,1,
1140102,0x7B1B39DC,line,1_0002001,1,
1140102,0x87614209,line,13_0712001,13,1401113
1140102,0x89D77E42,line,2_0103001,2,
1140102,0x978B89A3,line,12_1800001,12,1401109
1140102,0xA42C69E0,line,4_0305001,4,1401111
1140102,0xA5E69E64,line,1_0002002,1,
1140102,0xAD880FA4,line,20_2110001,20,1401108
1140102,0xB0EA666B,line,10_2001001,10,1401108
1140102,0xB8901C86,line,18_1712001,18,1401109
1140102,0xBEF901FB,line,14_0615001,14,1401110
1140102,0xBF3BBBD8,line,9_1119001,9,1401113
1140102,0xC3E139D2,line,,15,
1140102,0xC977F481,line,7_0013001,7,1401113
1140102,0xCB3E05C3,line,,14,
1140102,0xCCFD1507,line,17_1823001,17,1401113
1140102,0xD575EFC2,line,25_0026001,25,1401112
1140102,0xD6F15C24,line,28_2700001,28,1401112
1140102,0xD78743A8,line,18_0817001,18,1401113
1140102,0xDBE84809,line,16_0017001,16,1401109
1140102,0xF7ABCA68,line,15_1424001,15,1401110
1140102,0xFCBE0E10,line,24_1500001,24,1401110
1140102,0xA298F892,mapinfo,mapinfo,,
1140201,0x65C60E29,levelinfo,levelinfo,,1402101;1402102;1402103;1402104;1402105;1402106;1402107;1402108;7402101;7402102;7402103;7402104;7402105;7402106;7402107;7402108
1140201,0x0026675D,line,9_0800002,9,1402101;7402101
1140201,0x00333932,line,14_1113001,14,1402105;7402105
1140201,0x1075C396,line,5_0400001,5,1402102
1140201,0x134C140B,line,3_0210002,3,7402106
1140201,0x1365847D,line,8_0006001,8,1402103;7402103
1140201,0x189ADD33,line,1_0200002,1,7402108
1140201,0x19832F2A,line,,12,
1140201,0x1FAAFCE0,line,1_1300001,1,1402105;7402105
1140201,0x2562ABF1,line,6_0008002,6,1402101;7402101
1140201,0x2BC99E93,line,10_1200001,10,1402107;7402107
1140201,0x2CFF62ED,line,14_1312001,14,1402107;7402107
1140201,0x2F66E8A6,line,9_0800003,9,7402101
1140201,0x34744AAE,line,,14,
1140201,0x35A12287,line,6_0008003,6,7402101
1140201,0x35DEBA98,line,8_0609001,8,1402101;7402101
1140201,0x380F7258,line,14_1312002,14,7402107
1140201,0x3A06611B,line,2_0004001,2,1402102
1140201,0x47D271FA,line,2_0401002,2,7402108
1140201,0x4A321F5F,line,2_0003001,2,1402106;7402106
1140201,0x4CB8D7F9,line,8_0609002,8,1402101;7402101
1140201,0x50AEEC62,line,4_0002002,4,7402108
1140201,0x53924C58,line,8_0006002,8,7402103
1140201,0x5521D41D,line,10_0700001,10,1402104
1140201,0x5A3119B8,line,5_0600001,5,1402103;7402103
1140201,0x5A9517A6,line,11_0014001,11,1402105;7402105
1140201,0x6007ED5C,line,6_0007001,6,1402104
1140201,0x61BEF369,line,1_0200001,1,1402108;7402108
1140201,0x6610C019,line,3_0210001,3,1402106;7402106
1140201,0x6D70A0A3,line,10_0300001,10,1402106;7402106
1140201,0x6F72EAC4,line,8_0609003,8,7402101
1140201,0x71A05ADF,line,5_0400002,5,1402102
1140201,0x7511F4BA,line,,10,
1140201,0x7A247728,line,6_0805002,6,7402103
1140201,0x85C22512,line,14_1113002,14,7402105
1140201,0x86EBA83B,line,6_0805001,6,1402103;7402103
1140201,0x8A0389BD,line,13_0014001,13,1402107;7402107
1140201,0x8F60B42B,line,4_0205002,4,7402102
1140201,0x94E3D193,line,12_1410001,12,1402107;7402107
1140201,0x96D2E74A,line,7_0610002,7,7402104
1140201,0x9824F37E,line,2_0003002,2,7402106
1140201,0x98D2507C,line,12_1410002,12,7402107
1140201,0x9FEADD59,line,2_0401001,2,1402108;7402108
1140201,0xA40BC068,line,2_0004003,2,7402102
1140201,0xA6FA7D4A,line,7_0610001,7,1402104
1140201,0xAFC193BC,line,13_0014002,13,7402107
1140201,0xB895498B,line,10_0300002,10,7402106
1140201,0xC1F3223D,line,10_1200002,10,7402107
1140201,0xC5E94293,line,5_0400003,5,7402102
1140201,0xC7F8AB1B,line,11_0014002,11,7402105
1140201,0xCB1CA842,line,6_0007002,6,7402104
1140201,0xCC0EAEFA,line,,2,
1140201,0xCCA8A2E1,line,13_1401001,13,1402105;7402105
1140201,0xD1FBA043,line,1_1300002,1,7402105
1140201,0xD5528D8C,line,9_0800001,9,1402101;7402101
1140201,0xDE03326C,line,4_0205001,4,1402102
1140201,0xE0E12E13,line,14_0013001,14,
1140201,0xE2004AC8,line,6_0008001,6,1402101;7402101
1140201,0xE668E607,line,10_0700002,10,7402104
1140201,0xE8A7D486,line,5_0600002,5,7402103
1140201,0xEE5D251C,line,2_0004002,2,1402102
1140201,0xF523F6A3,line,4_0002001,4,1402108;7402108
1140201,0xF6FB5A81,line,13_1401002,13,7402105
1140201,0xA298F892,mapinfo,mapinfo,,
1140202,0x65C60E29,levelinfo,levelinfo,,1402109;1402110;1402111;1402112;1402113
1140202,0x07F1AF8F,line,32_3133001,32,1402112
1140202,0x1075C396,line,5_0400001,5,1402110
1140202,0x218DF7C7,line,23_2410001,23,1402113
1140202,0x2D3BDFC6,line,1_1000001,1,1402113
1140202,0x3495CC7E,line,33_3200001,33,1402112
1140202,0x3951CB6F,line,,27,
1140202,0x40961E23,line,3_0204001,3,1402110
1140202,0x42388127,line,18_1720001,18,1402109
1140202,0x43DC716D,line,31_2632001,31,1402112
1140202,0x47085398,line,3_0200003,3,
1140202,0x4A321F5F,line,2_0003001,2,1402110
1140202,0x50C28CE0,line,3_0200001,3,
1140202,0x5FE7B23A,line,24_0023001,24,1402113
1140202,0x6286C853,line,2_0103003,2,
1140202,0x6B104B51,line,6_0015001,6,1402111
1140202,0x6D88CBAA,line,3_0200002,3,
1140202,0x6EEFC332,line,2_0103002,2,
1140202,0x730CA7A5,line,1_0002003,1,
1140202,0x783D4AFF,line,20_1800001,20,1402109
1140202,0x7B1B39DC,line,1_0002001,1,
1140202,0x89D77E42,line,2_0103001,2,
1140202,0x8C404503,line,17_2718001,17,1402109
1140202,0x8EFFDD39,line,27_0017001,27,1402109
1140202,0x9EF59A2D,line,,17,
1140202,0xA42C69E0,line,4_0305001,4,1402110
1140202,0xA5E69E64,line,1_0002002,1,
1140202,0xB0E992A7,line,17_0026001,17,1402112
1140202,0xBD70DD16,line,15_0628001,15,1402111
1140202,0xBF6E2637,line,28_1529001,28,1402111
1140202,0xE2768CAA,line,,20,
1140202,0xE616A4CA,line,10_2301001,10,1402113
1140202,0xEA7AE8A5,line,,18,
1140202,0xEC12B190,line,26_1731001,26,1402112
1140202,0xEF920E63,line,29_2800001,29,1402111
1140202,0xA298F892,mapinfo,mapinfo,,
1210101,0x65C60E29,levelinfo,levelinfo,,1101211;1101212;1101213;1101214;1101224;1102211;1102212
1210101,0x0211ECA8,line,7_0000101,7,1102212
1210101,0x0778AB66,line,3_0000502,3,
1210101,0x1589606C,line,1_0000202,1,
1210101,0x1964EC91,line,3_0000201,3,
1210101,0x296F7458,line,1_0000301,1,
1210101,0x29763F1B,line,3_0000301,3,
1210101,0x332785C4,line,1_0000501,1,
1210101,0x3D23F7C7,line,1_0000201,1,
1210101,0x4014C4DE,line,3_0000101,3,1101213
1210101,0x40C1B5D1,line,4_0000401,4,
1210101,0x43C75160,line,3_0000102,3,1101213
1210101,0x48F97A65,line,1_0000302,1,
1210101,0x612D92A8,line,4_0000301,4,
1210101,0x62B880E3,line,3_0000401,3,
1210101,0x6E2B8B99,line,2_0000501,2,
1210101,0x6FB3737D,line,2_0000301,2,
1210101,0x78282A36,line,1_0000402,1,
1210101,0x79093141,line,5_0000101,5,1102211
1210101,0x816DAB8E,line,3_0000302,3,
1210101,0x931A0B24,line,1_0000502,1,
1210101,0xA0CA72EA,line,2_0000401,2,
1210101,0xA40B40E8,line,3_0000202,3,
1210101,0xA59CEB24,line,1_0000101,1,
1210101,0xB11E25BE,line,2_0000201,2,
1210101,0xB79F338D,line,2_0000101,2,1101212
1210101,0xB83488B8,line,4_0000501,4,
1210101,0xBE850A5E,line,4_0000101,4,1101214
1210101,0xC198C492,line,4_0000201,4,1101224
1210101,0xCF63A036,line,1_0000401,1,
1210101,0xD17E35C0,line,1_0000102,1,
1210101,0xD28B5BD3,line,6_0000101,6,
1210101,0xDB397B68,line,3_0000501,3,
1210101,0xDDAA433E,line,3_0000402,3,
1210101,0xE545F3E1,line,,10,
1210101,0xA298F892,mapinfo,mapinfo,,
1210102,0x65C60E29,levelinfo,levelinfo,,1201602
1210102,0x4C710C77,line,2_0000102,2,1201602
1210102,0xA59CEB24,line,1_0000101,1,
1210102,0xA298F892,mapinfo,mapinfo,,
1210103,0x65C60E29,levelinfo,levelinfo,,1201901
1210103,0xA59CEB24,line,1_0000101,1,1201901
1210103,0xA298F892,mapinfo,mapinfo,,
1210104,0x65C60E29,levelinfo,levelinfo,,1201601
1210104,0xB79F338D,line,2_0000101,2,1201601
1210104,0xA298F892,mapinfo,mapinfo,,
1210105,0x65C60E29,levelinfo,levelinfo,,1201902
1210105,0xA59CEB24,line,1_0000101,1,1201902
1210105,0xA298F892,mapinfo,mapinfo,,
1210106,0x65C60E29,levelinfo,levelinfo,,1201904
1210106,0x4C710C77,line,2_0000102,2,1201904
1210106,0x626214A9,line,2_0000103,2,1201904
1210106,0x96B8C17C,line,2_0000105,2,1201904
1210106,0xFD74354C,line,2_0000104,2,1201904
1210106,0xA298F892,mapinfo,mapinfo,,
1210107,0x65C60E29,levelinfo,levelinfo,,1201903
1210107,0x538BD72B,line,1_0000001,1,1201903
1210107,0xFF2087CE,line,1_0000002,1,
1210107,0xA298F892,mapinfo,mapinfo,,
1210108,0x65C60E29,levelinfo,levelinfo,,1201905
1210108,0x538BD72B,line,1_0000001,1,1201905
1210108,0xA298F892,mapinfo,mapinfo,,
1210111,0x65C60E29,levelinfo,levelinfo,,1101201;1101202;1101203;1101601;1101602;1101603;1101604;7101602;7101603;7101604
1210111,0x0AE935E2,line,4_0000202,4,
1210111,0x4014C4DE,line,3_0000101,3,1101203
1210111,0x43C75160,line,3_0000102,3,
1210111,0x79093141,line,5_0000101,5,1101602
1210111,0x7BFCC185,line,5_0000201,5,1101603
1210111,0xA59CEB24,line,1_0000101,1,1101201
1210111,0xA5C8A4CC,line,5_0000102,5,7101602
1210111,0xB3DEF6FA,line,5_0000202,5,7101603
1210111,0xB79F338D,line,2_0000101,2,1101202
1210111,0xBE850A5E,line,4_0000101,4,
1210111,0xC198C492,line,4_0000201,4,1101601
1210111,0xCC91F5DF,line,5_0000302,5,7101604
1210111,0xD17E35C0,line,1_0000102,1,
1210111,0xF3A4B7EC,line,5_0000301,5,1101604
1210111,0xA298F892,mapinfo,mapinfo,,
1210112,0x65C60E29,levelinfo,levelinfo,,1101231
1210112,0x538BD72B,line,1_0000001,1,
1210112,0x7B1B39DC,line,1_0002001,1,1101231
1210112,0xDC2C1A53,line,2_0100001,2,1101231
1210112,0xA298F892,mapinfo,mapinfo,,
1210113,0x65C60E29,levelinfo,levelinfo,,1101605
1210113,0x3A06611B,line,2_0004001,2,1101605
1210113,0x95A9C688,line,4_0200001,4,1101605
1210113,0xA298F892,mapinfo,mapinfo,,
1210114,0x65C60E29,levelinfo,levelinfo,,1101234
1210114,0x538BD72B,line,1_0000001,1,1101234
1210114,0xA298F892,mapinfo,mapinfo,,
1210131,0x65C60E29,levelinfo,levelinfo,,1101232
1210131,0x072EB3E0,line,5_0000001,5,1101232
1210131,0x4014C4DE,line,3_0000101,3,
1210131,0x43C75160,line,3_0000102,3,
1210131,0x79093141,line,5_0000101,5,
1210131,0xA59CEB24,line,1_0000101,1,
1210131,0xB79F338D,line,2_0000101,2,
1210131,0xBE850A5E,line,4_0000101,4,
1210131,0xC198C492,line,4_0000201,4,
1210131,0xD17E35C0,line,1_0000102,1,
1210131,0xA298F892,mapinfo,mapinfo,,
1210211,0x65C60E29,levelinfo,levelinfo,,1101606
1210211,0x538BD72B,line,1_0000001,1,1101606
1210211,0xFF2087CE,line,1_0000002,1,1101606
1210211,0xA298F892,mapinfo,mapinfo,,
1210212,0x65C60E29,levelinfo,levelinfo,,1101233
1210212,0x1B454A31,line,1_0000112,1,1101233
1210212,0x2411156C,line,1_0000103,1,1101233
1210212,0x2F282E33,line,1_0000121,1,1101233
1210212,0x35924E2F,line,1_0000104,1,1101233
1210212,0x61AE9CB0,line,1_0000114,1,1101233
1210212,0x69F93897,line,1_0000111,1,1101233
1210212,0x7F9D974C,line,1_0000113,1,1101233
1210212,0x9F03C957,line,1_0000124,1,1101233
1210212,0xA35BAF93,line,1_0000122,1,1101233
1210212,0xA59CEB24,line,1_0000101,1,1101233
1210212,0xD17E35C0,line,1_0000102,1,1101233
1210212,0xD28B5BD3,line,6_0000101,6,
1210212,0xE18C0AAF,line,1_0000123,1,1101233
1210212,0xA298F892,mapinfo,mapinfo,,
1210301,0x65C60E29,levelinfo,levelinfo,,1101225;1101704
1210301,0x538BD72B,line,1_0000001,1,1101225;1101704
1210301,0xFF2087CE,line,1_0000002,1,1101225;1101704
1210301,0xA298F892,mapinfo,mapinfo,,
1210302,0x65C60E29,levelinfo,levelinfo,,1101226;1101229
1210302,0x538BD72B,line,1_0000001,1,1101226;1101229
1210302,0xFF2087CE,line,1_0000002,1,1101229
1210302,0xA298F892,mapinfo,mapinfo,,
1210303,0x65C60E29,levelinfo,levelinfo,,1101227
1210303,0x538BD72B,line,1_0000001,1,1101227
1210303,0xA298F892,mapinfo,mapinfo,,
1210304,0x65C60E29,levelinfo,levelinfo,,1101228;1101236
1210304,0x538BD72B,line,1_0000001,1,1101228;1101236
1210304,0xFF2087CE,line,1_0000002,1,1101236
1210304,0xA298F892,mapinfo,mapinfo,,
1210305,0x65C60E29,levelinfo,levelinfo,,1101237
1210305,0x538BD72B,line,1_0000001,1,1101237
1210305,0xFF2087CE,line,1_0000002,1,
1210305,0xA298F892,mapinfo,mapinfo,,
1210306,0x65C60E29,levelinfo,levelinfo,,1101235;1101240
1210306,0x538BD72B,line,1_0000001,1,1101235;1101240
1210306,0xFF2087CE,line,1_0000002,1,1101235;1101240
1210306,0xA298F892,mapinfo,mapinfo,,
1210307,0x65C60E29,levelinfo,levelinfo,,1101238;1101241
1210307,0x538BD72B,line,1_0000001,1,1101238;1101241
1210307,0xFF2087CE,line,1_0000002,1,1101241
1210307,0xA298F892,mapinfo,mapinfo,,
1210309,0x65C60E29,levelinfo,levelinfo,,1101230;1101706
1210309,0x538BD72B,line,1_0000001,1,1101230;1101706
1210309,0xFF2087CE,line,1_0000002,1,1101706
1210309,0xA298F892,mapinfo,mapinfo,,
1210310,0x65C60E29,levelinfo,levelinfo,,1101239
1210310,0x538BD72B,line,1_0000001,1,1101239
1210310,0xA298F892,mapinfo,mapinfo,,
1220102,0x65C60E29,levelinfo,levelinfo,,1201603;1201604;7201603;7201604
1220102,0x0CEB6052,line,2_0000202,2,7201603;7201604
1220102,0x4C710C77,line,2_0000102,2,1201603;1201604
1220102,0x626214A9,line,2_0000103,2,1201603;1201604
1220102,0xB11E25BE,line,2_0000201,2,7201603;7201604
1220102,0xB79F338D,line,2_0000101,2,1201603;1201604
1220102,0xFD74354C,line,2_0000104,2,
1220102,0xA298F892,mapinfo,mapinfo,,
1220103,0x65C60E29,levelinfo,levelinfo,,1201219
1220103,0x538BD72B,line,1_0000001,1,1201219
1220103,0xA298F892,mapinfo,mapinfo,,
1220104,0x65C60E29,levelinfo,levelinfo,,1201221
1220104,0x538BD72B,line,1_0000001,1,1201221
1220104,0xA298F892,mapinfo,mapinfo,,
1220105,0x65C60E29,levelinfo,levelinfo,,1201704
1220105,0x538BD72B,line,1_0000001,1,1201704
1220105,0xA298F892,mapinfo,mapinfo,,
1220106,0x65C60E29,levelinfo,levelinfo,,1201222
1220106,0x538BD72B,line,1_0000001,1,1201222
1220106,0xA298F892,mapinfo,mapinfo,,
1220107,0x65C60E29,levelinfo,levelinfo,,1201223;1201225
1220107,0x538BD72B,line,1_0000001,1,1201223;1201225
1220107,0xFF2087CE,line,1_0000002,1,1201225
1220107,0xA298F892,mapinfo,mapinfo,,
1220108,0x65C60E29,levelinfo,levelinfo,,1201224;1201705
1220108,0x538BD72B,line,1_0000001,1,1201224;1201705
1220108,0xFF2087CE,line,1_0000002,1,1201224;1201705
1220108,0xA298F892,mapinfo,mapinfo,,
1220110,0x65C60E29,levelinfo,levelinfo,,1201226;1201227
1220110,0x538BD72B,line,1_0000001,1,1201226;1201227
1220110,0xFF2087CE,line,1_0000002,1,1201226;1201227
1220110,0xA298F892,mapinfo,mapinfo,,
1220301,0x65C60E29,levelinfo,levelinfo,,1201906
1220301,0xA59CEB24,line,1_0000101,1,1201906
1220301,0xA298F892,mapinfo,mapinfo,,
1230101,0x65C60E29,levelinfo,levelinfo,,1300101;1300102;1300103;1300104;1300105;1300111;1300305;7300102;7300103;7300104
1230101,0x0ACC4B22,line,1_0000006,1,1300105;1300111
1230101,0x1FFD9496,line,1_0000004,1,1300104;1300105;1300111
1230101,0x40DF1C89,line,1_0000009,1,
1230101,0x49E9FFCD,line,1_0000003,1,1300101;1300102;1300103;1300104;1300105;1300111
1230101,0x538BD72B,line,1_0000001,1,1300101;1300102;1300103;1300104;1300105;1300111
1230101,0x6BE4D318,line,1_0000005,1,1300105;1300111
1230101,0xA59CEB24,line,1_0000101,1,1300305
1230101,0xA8AA9FEE,line,1_0000007,1,7300102;7300103
1230101,0xCD73BB20,line,1_0000008,1,7300102;7300103
1230101,0xFF2087CE,line,1_0000002,1,1300101;1300102;1300103;1300104;1300105;1300111
1230101,0xA298F892,mapinfo,mapinfo,,
1230102,0x65C60E29,levelinfo,levelinfo,,1300106;1300108;1300110;1302120;7302120
1230102,0x1FFD9496,line,1_0000004,1,1300110;1302120;7302120
1230102,0x49E9FFCD,line,1_0000003,1,1300110;1302120;7302120
1230102,0x538BD72B,line,1_0000001,1,1300106;1300108;1300110;1302120;7302120
1230102,0x6BE4D318,line,1_0000005,1,1302120;7302120
1230102,0xFF2087CE,line,1_0000002,1,1300108;1300110;1302120;7302120
1230102,0xA298F892,mapinfo,mapinfo,,
1230103,0x65C60E29,levelinfo,levelinfo,,1300107;1300109
1230103,0x538BD72B,line,1_0000001,1,1300107;1300109
1230103,0xFF2087CE,line,1_0000002,1,1300109
1230103,0xA298F892,mapinfo,mapinfo,,
1230104,0x65C60E29,levelinfo,levelinfo,,1302161;7302161
1230104,0x538BD72B,line,1_0000001,1,1302161
1230104,0xFF2087CE,line,1_0000002,1,7302161
1230104,0xA298F892,mapinfo,mapinfo,,
1230105,0x65C60E29,levelinfo,levelinfo,,1300702;1302702;7302702
1230105,0x2545D063,line,11_0000001,11,1300702;1302702;7302702
1230105,0x28BDB8B6,line,11_0000003,11,1300702;7302702
1230105,0x547A605E,line,11_0000002,11,7302702
1230105,0xA298F892,mapinfo,mapinfo,,
1230106,0x65C60E29,levelinfo,levelinfo,,1301201;1301202;7301201;7301202
1230106,0x1FFD9496,line,1_0000004,1,7301201;7301202
1230106,0x49E9FFCD,line,1_0000003,1,7301201;7301202
1230106,0x538BD72B,line,1_0000001,1,1301201;1301202
1230106,0xFF2087CE,line,1_0000002,1,1301201;1301202
1230106,0xA298F892,mapinfo,mapinfo,,
1230109,0x65C60E29,levelinfo,levelinfo,,1301203;1301206
1230109,0x538BD72B,line,1_0000001,1,1301203;1301206
1230109,0xFF2087CE,line,1_0000002,1,1301203;1301206
1230109,0xA298F892,mapinfo,mapinfo,,
1230110,0x65C60E29,levelinfo,levelinfo,,1301906
1230110,0x49E9FFCD,line,1_0000003,1,
1230110,0x538BD72B,line,1_0000001,1,1301906
1230110,0x5D36F0C0,line,2_0000001,2,
1230110,0xA298F892,mapinfo,mapinfo,,
1230111,0x65C60E29,levelinfo,levelinfo,,1301204;1301207
1230111,0x538BD72B,line,1_0000001,1,1301204;1301207
1230111,0xFF2087CE,line,1_0000002,1,1301207
1230111,0xA298F892,mapinfo,mapinfo,,
1230112,0x65C60E29,levelinfo,levelinfo,,1301205;1301208
1230112,0x538BD72B,line,1_0000001,1,1301205;1301208
1230112,0xFF2087CE,line,1_0000002,1,1301205;1301208
1230112,0xA298F892,mapinfo,mapinfo,,
1230113,0x65C60E29,levelinfo,levelinfo,,1301212;1302704
1230113,0x49E9FFCD,line,1_0000003,1,1301212
1230113,0x538BD72B,line,1_0000001,1,1301212;1302704
1230113,0xFF2087CE,line,1_0000002,1,1301212
1230113,0xA298F892,mapinfo,mapinfo,,
1230115,0x65C60E29,levelinfo,levelinfo,,1301210;1302703
1230115,0x538BD72B,line,1_0000001,1,1301210;1302703
1230115,0xFF2087CE,line,1_0000002,1,1301210;1302703
1230115,0xA298F892,mapinfo,mapinfo,,
1230116,0x65C60E29,levelinfo,levelinfo,,1301209
1230116,0x538BD72B,line,1_0000001,1,1301209
1230116,0xA298F892,mapinfo,mapinfo,,
1230117,0x65C60E29,levelinfo,levelinfo,,1301211
1230117,0x538BD72B,line,1_0000001,1,1301211
1230117,0xA298F892,mapinfo,mapinfo,,
1230118,0x65C60E29,levelinfo,levelinfo,,1301213
1230118,0x538BD72B,line,1_0000001,1,1301213
1230118,0xA298F892,mapinfo,mapinfo,,
1230119,0x65C60E29,levelinfo,levelinfo,,1301214
1230119,0x538BD72B,line,1_0000001,1,1301214
1230119,0xA298F892,mapinfo,mapinfo,,
1230201,0x65C60E29,levelinfo,levelinfo,,1300201
1230201,0x538BD72B,line,1_0000001,1,1300201
1230201,0xA298F892,mapinfo,mapinfo,,
1230301,0x65C60E29,levelinfo,levelinfo,,1301901
1230301,0x538BD72B,line,1_0000001,1,1301901
1230301,0xA298F892,mapinfo,mapinfo,,
1230302,0x65C60E29,levelinfo,levelinfo,,1301902
1230302,0x538BD72B,line,1_0000001,1,1301902
1230302,0xA298F892,mapinfo,mapinfo,,
1230303,0x65C60E29,levelinfo,levelinfo,,1301903
1230303,0x49E9FFCD,line,1_0000003,1,1301903
1230303,0x538BD72B,line,1_0000001,1,
1230303,0xFF2087CE,line,1_0000002,1,
1230303,0xA298F892,mapinfo,mapinfo,,
1230304,0x65C60E29,levelinfo,levelinfo,,1301904
1230304,0x49E9FFCD,line,1_0000003,1,1301904
1230304,0xA298F892,mapinfo,mapinfo,,
1240101,0x65C60E29,levelinfo,levelinfo,,1401203;1401204;7401203;7401204
1240101,0x1FFD9496,line,1_0000004,1,7401204
1240101,0x49E9FFCD,line,1_0000003,1,7401203;7401204
1240101,0x538BD72B,line,1_0000001,1,1401203;1401204;7401203;7401204
1240101,0xFF2087CE,line,1_0000002,1,1401204;7401203;7401204
1240101,0xA298F892,mapinfo,mapinfo,,
1240102,0x65C60E29,levelinfo,levelinfo,,1401201;1401202;7401201;7401202
1240102,0x1FFD9496,line,1_0000004,1,7401201;7401202
1240102,0x49E9FFCD,line,1_0000003,1,7401201;7401202
1240102,0x538BD72B,line,1_0000001,1,1401201;1401202;7401201;7401202
1240102,0xFF2087CE,line,1_0000002,1,1401202;7401201;7401202
1240102,0xA298F892,mapinfo,mapinfo,,
1240103,0x65C60E29,levelinfo,levelinfo,,1401205;1401206;7401205
1240103,0x49E9FFCD,line,1_0000003,1,7401205
1240103,0x538BD72B,line,1_0000001,1,1401205;1401206;7401205
1240103,0xFF2087CE,line,1_0000002,1,1401205;1401206;7401205
1240103,0xA298F892,mapinfo,mapinfo,,
1310101,0x65C60E29,levelinfo,levelinfo,,1101111;1101205;1101206;1101207;1101208;1101209;1101210;1101215;1101216;1101251;1101252;1101301;1101302;1101303;1101304;1101305;1103162;1103164;7101111;7101205;7101208;7103162
1310101,0x06ED2976,line,4_0000004,4,1101206;1101207
1310101,0x08DFA755,line,3_0600001,3,1101304
1310101,0x09740987,line,1_0004002,1,1101302;1101305
1310101,0x0A31ADE5,line,4_0000001,4,1101206;1101207
1310101,0x1075C396,line,5_0400001,5,1101302
1310101,0x1616D028,line,4_0105001,4,1101302
1310101,0x29807C97,line,4_0000003,4,1101206;1101207
1310101,0x2D3D6487,line,4_0000002,4,1101206;1101207
1310101,0x2EB7E586,line,8_0000001,8,1101205;1101208;7101205;7101208
1310101,0x3428725D,line,3_0000001,3,1103162;7103162
1310101,0x49C5EB16,line,9_0006001,9,1101304
1310101,0x49E9FFCD,line,1_0000003,1,1101215
1310101,0x4E8AB2FB,line,6_0903001,6,1101304
1310101,0x51DDC051,line,5_0200001,5,1101303
1310101,0x538BD72B,line,1_0000001,1,1101111;1101215;7101111
1310101,0x58686AD9,line,9_0007001,9,1101301
1310101,0x5D36F0C0,line,2_0000001,2,1101209;1101210
1310101,0x6A35CDF5,line,2_0305001,2,1101303
1310101,0x6ED5B7DE,line,7_0908001,7,1101301
1310101,0x70A9EFE2,line,4_0107001,4,1101305
1310101,0x8735C899,line,8_0000003,8,7101205;7101208
1310101,0x98F4F793,line,3_0000002,3,7103162
1310101,0xA1F72F4A,line,7_0400001,7,1101305
1310101,0xAC30DD1E,line,1_0004003,1,1101302;1101305
1310101,0xAF28F8FD,line,2_0000002,2,1101210
1310101,0xC8DB4D84,line,8_0000004,8,7101205
1310101,0xC90FC546,line,8_0700001,8,1101301
1310101,0xD394206E,line,6_0000001,6,1101216
1310101,0xD7B8BDB0,line,9_0000002,9,1101251;1101252
1310101,0xE4204422,line,1_0004001,1,1101302;1101305
1310101,0xE60FAA15,line,8_0000002,8,1101205;1101208;7101205;7101208
1310101,0xF7F1FE28,line,9_0000001,9,1101251;1101252
1310101,0xFDA4C370,line,3_0002001,3,1101303
1310101,0xFF2087CE,line,1_0000002,1,1101215;7101111
1310101,0xA298F892,mapinfo,mapinfo,,
1310102,0x65C60E29,levelinfo,levelinfo,,1101204;1103199
1310102,0x57393115,line,7_0000001,7,1101204;1103199
1310102,0xAD7B1BBE,line,7_0000002,7,1101204;1103199
1310102,0xE85B8685,line,7_0000003,7,1103199
1310102,0xA298F892,mapinfo,mapinfo,,
1310201,0x65C60E29,levelinfo,levelinfo,,1101112;1101219;1101220;1101221;1102301;1102302;1102303;1102304;1102305;1103101;1103165;1105107;7101112;7103165;7105107
1310201,0x045F0DA4,line,2_0301001,2,1102302
1310201,0x2545D063,line,11_0000001,11,1101220
1310201,0x2A60D6B7,line,9_0010001,9,1102305
1310201,0x2ABBAFCB,line,6_1000001,6,1102305
1310201,0x2EB7E586,line,8_0000001,8,1101219
1310201,0x3428725D,line,3_0000001,3,1101112;1101221
1310201,0x3BC3A1B0,line,11_0007001,11,1102304
1310201,0x416198A8,line,2_0300001,2,1103101
1310201,0x4AD45D25,line,10_0906001,10,1102305
1310201,0x4E0946AB,line,7_0406001,7,1102303;1105107;7105107
1310201,0x61BEF369,line,1_0200001,1,1102302
1310201,0x6485DB70,line,7_0406003,7,7105107
1310201,0x68289BCE,line,6_0700003,6,7105107
1310201,0x68F36B60,line,4_0003001,4,1103101
1310201,0x6A8DCB97,line,8_0005001,8,1102301
1310201,0x744B2EA3,line,6_0700002,6,1105107;7105107
1310201,0x7BD848CC,line,6_0700001,6,1102303;1105107;7105107
1310201,0x85DDFE4D,line,7_1104001,7,1102304
1310201,0x902FC192,line,4_0700001,4,1102304
1310201,0x90A52C29,line,6_0500001,6,1102301
1310201,0x98F4F793,line,3_0000002,3,1101221
1310201,0xAD5F010A,line,3_0402001,3,1103101
1310201,0xBD310B02,line,7_0406002,7,1105107;7105107
1310201,0xC867C681,line,6_0000002,6,7103165
1310201,0xCAB2BC69,line,5_0806001,5,1102301
1310201,0xD394206E,line,6_0000001,6,1103165;7103165
1310201,0xD3AA97BF,line,4_0007002,4,1105107;7105107
1310201,0xEF59F8B9,line,4_0007001,4,1102303;1105107;7105107
1310201,0xFB8974BB,line,4_0007003,4,7105107
1310201,0xFDA4C370,line,3_0002001,3,1102302
1310201,0xA298F892,mapinfo,mapinfo,,
1310202,0x65C60E29,levelinfo,levelinfo,,1101703;1103703;7103703
1310202,0x49E9FFCD,line,1_0000003,1,1101703;7103703
1310202,0x538BD72B,line,1_0000001,1,1101703;1103703;7103703
1310202,0xFF2087CE,line,1_0000002,1,1101703;7103703
1310202,0xA298F892,mapinfo,mapinfo,,
1310301,0x65C60E29,levelinfo,levelinfo,,1101217;1103163
1310301,0xD7B8BDB0,line,9_0000002,9,1101217
1310301,0xF7F1FE28,line,9_0000001,9,1101217;1103163
1310301,0xA298F892,mapinfo,mapinfo,,
1410101,0x65C60E29,levelinfo,levelinfo,,1301301;1301302
1410101,0x538BD72B,line,1_0000001,1,1301301
1410101,0xA298F892,mapinfo,mapinfo,,
1410102,0x65C60E29,levelinfo,levelinfo,,7201301;7201302
1410102,0x49E9FFCD,line,1_0000003,1,
1410102,0x538BD72B,line,1_0000001,1,7201301;7201302
1410102,0xFF2087CE,line,1_0000002,1,7201301;7201302
1410102,0xA298F892,mapinfo,mapinfo,,
1410103,0x65C60E29,levelinfo,levelinfo,,1201302;1201303
1410103,0x538BD72B,line,1_0000001,1,1201302;1201303
1410103,0xFF2087CE,line,1_0000002,1,1201302
1410103,0xA298F892,mapinfo,mapinfo,,
2000101,0x65C60E29,levelinfo,levelinfo,,1100001;1100002;1100011;7100001;9200101
2000101,0x49E9FFCD,line,1_0000003,1,
2000101,0x538BD72B,line,1_0000001,1,1100001;1100002;1100011
2000101,0x7B1B39DC,line,1_0002001,1,9200101
2000101,0xDC2C1A53,line,2_0100001,2,9200101
2000101,0xFF2087CE,line,1_0000002,1,1100001;1100011
2000101,0xA298F892,mapinfo,mapinfo,,
2000103,0x65C60E29,levelinfo,levelinfo,,1100004;1100006;1100012
2000103,0x49E9FFCD,line,1_0000003,1,1100004;1100006;1100012
2000103,0x538BD72B,line,1_0000001,1,1100004;1100006;1100012
2000103,0x5D36F0C0,line,2_0000001,2,
2000103,0xFF2087CE,line,1_0000002,1,1100004;1100006;1100012
2000103,0xA298F892,mapinfo,mapinfo,,
2000104,0x65C60E29,levelinfo,levelinfo,,1100005;1100013
2000104,0x538BD72B,line,1_0000001,1,1100005;1100013
2000104,0xFF2087CE,line,1_0000002,1,1100005;1100013
2000104,0xA298F892,mapinfo,mapinfo,,
2000105,0x65C60E29,levelinfo,levelinfo,,9200110
2000105,0x7B1B39DC,line,1_0002001,1,9200110
2000105,0xDC2C1A53,line,2_0100001,2,9200110
2000105,0xA298F892,mapinfo,mapinfo,,
2040101,0x65C60E29,levelinfo,levelinfo,,1400001;1400011
2040101,0x538BD72B,line,1_0000001,1,1400001;1400011
2040101,0xFF2087CE,line,1_0000002,1,1400001;1400011
2040101,0xA298F892,mapinfo,mapinfo,,
9100102,0x65C60E29,levelinfo,levelinfo,,9000002
9100102,0x538BD72B,line,1_0000001,1,9000002
9100102,0xA298F892,mapinfo,mapinfo,,
9100104,0x65C60E29,levelinfo,levelinfo,,9000004
9100104,0x538BD72B,line,1_0000001,1,9000004
9100104,0xA298F892,mapinfo,mapinfo,,
9100105,0x65C60E29,levelinfo,levelinfo,,9000005
9100105,0x538BD72B,line,1_0000001,1,9000005
9100105,0xA298F892,mapinfo,mapinfo,,
